site,wildtype,AAA,AAC,AAG,AAT,ACA,ACC,ACG,ACT,AGA,AGC,AGG,AGT,ATA,ATC,ATG,ATT,CAA,CAC,CAG,CAT,CCA,CCC,CCG,CCT,CGA,CGC,CGG,CGT,CTA,CTC,CTG,CTT,GAA,GAC,GAG,GAT,GCA,GCC,GCG,GCT,GGA,GGC,GGG,GGT,GTA,GTC,GTG,GTT,TAA,TAC,TAG,TAT,TCA,TCC,TCG,TCT,TGA,TGC,TGG,TGT,TTA,TTC,TTG,TTT
1,ATG,0,0,2,0,0,0,2,0,0,0,0,0,2,0,179226,4,0,0,0,0,0,0,0,0,0,0,0,0,0,0,0,0,0,0,0,0,0,0,0,0,0,0,0,0,0,0,10,0,0,0,0,0,0,0,0,0,0,0,0,0,0,0,2,0
2,AAG,6,0,179072,5,1,0,7,0,0,0,14,0,0,0,12,0,0,0,0,0,0,0,0,0,0,0,0,54,0,2,0,0,0,0,14,1,0,0,0,0,0,0,0,0,0,0,0,0,0,1,0,45,0,0,0,0,0,0,1,0,0,0,0,0
3,GCA,0,0,0,0,13,0,0,0,0,0,0,0,0,0,0,0,0,0,0,0,0,0,0,0,0,0,209,0,0,0,0,0,4,0,0,0,178994,2,7,0,0,0,0,0,13,0,0,0,0,1,0,0,1,0,0,0,0,1,0,0,0,0,0,0
4,AAA,179117,0,6,0,0,0,0,137,6,0,0,0,0,0,1,0,2,4,0,0,0,1,0,0,0,0,0,0,0,0,0,0,9,0,0,0,0,0,0,0,0,0,0,0,0,0,0,0,1,0,0,0,0,0,0,0,0,0,0,0,0,0,2,0
5,CTA,0,0,0,0,0,0,0,0,0,0,0,0,4,0,0,0,0,0,0,0,8,0,1,0,0,0,0,0,179004,0,14,2,0,0,0,0,0,0,0,0,3,0,0,0,0,0,0,0,0,0,0,0,0,0,0,0,0,0,0,0,4,0,0,0
6,CTG,0,0,0,0,1,0,0,0,0,0,0,0,0,0,1,0,1,0,1,0,0,0,8,0,0,0,0,0,3,0,179227,1,0,0,0,0,0,0,0,0,0,0,0,0,0,0,1,0,0,0,0,0,0,0,0,0,0,0,0,2,0,2,13,0
7,GTC,0,1,0,0,0,0,0,0,0,0,0,0,0,4,0,0,0,0,0,0,0,0,0,0,0,0,0,0,0,0,0,0,0,93,0,0,0,8,0,0,0,2,0,0,2,179075,0,6,0,0,0,0,0,0,0,0,0,0,0,0,0,2,0,0
8,CTG,0,0,0,0,0,0,0,0,0,0,0,0,0,0,9,0,2,0,3,0,0,0,43,0,0,0,0,0,21,2,179155,4,0,0,0,0,0,0,0,0,0,0,0,0,0,0,0,0,0,0,0,0,0,0,0,0,1,0,0,0,0,0,1,0
9,TTA,0,0,0,0,46,0,0,0,0,0,0,0,0,0,0,0,0,0,0,0,0,0,0,0,0,0,0,0,6,0,0,0,0,0,0,0,0,0,0,0,0,0,0,0,3,4,0,3,0,0,0,0,17,0,0,0,2,0,0,4,179147,2,11,4
10,TAT,0,0,0,0,0,0,0,0,0,0,0,0,323,0,0,0,0,0,0,12,0,0,0,0,0,0,0,0,0,0,0,0,0,0,0,2,0,0,0,0,0,0,0,0,0,0,0,0,3,4,0,178816,0,0,0,2,0,0,0,107,0,0,0,0
11,GCA,0,0,0,0,27,0,2,0,0,113,0,0,0,0,0,0,0,0,0,0,0,0,0,0,0,0,0,0,0,0,0,0,2,0,0,0,179039,3,34,0,0,0,0,0,26,0,0,0,0,0,0,1,7,0,0,0,0,0,0,0,0,0,1,0
12,TTT,0,0,0,0,0,0,0,0,0,0,0,1,0,0,0,3,0,0,0,0,0,0,0,0,0,0,0,0,0,0,0,3,0,0,0,0,0,0,0,0,0,0,0,0,0,1,0,1,0,0,0,0,0,0,0,11,0,0,0,1,0,10,3,179198
13,GTA,0,0,0,0,0,0,0,0,0,0,0,0,3,0,0,0,0,0,0,0,0,0,0,0,0,0,0,0,0,0,0,0,0,0,0,0,353,0,0,0,0,0,0,0,178842,0,29,0,0,0,0,0,0,0,1,0,0,0,0,0,1,0,0,0
14,GCT,0,0,0,0,0,0,0,4,0,0,0,0,0,0,0,0,0,0,0,0,0,0,0,1,0,0,0,0,0,0,0,0,0,0,0,2,1,4,0,179235,0,0,0,0,0,0,0,2,0,0,0,0,0,0,0,3,0,0,0,0,0,0,0,0
15,ACA,6,0,0,0,179107,2,45,3,1,0,0,0,6,0,0,0,0,0,0,0,0,0,0,0,0,0,0,0,0,0,0,0,0,0,0,0,5,0,0,0,0,0,0,0,0,0,0,0,0,0,0,0,0,0,0,0,0,0,0,0,0,0,0,0
16,GAT,0,0,0,18,0,0,0,0,0,0,0,0,0,0,0,0,0,0,0,0,0,0,0,0,0,0,0,0,0,0,0,0,2,598,0,178584,0,0,0,1,0,0,0,9,0,0,0,0,0,0,0,3,0,0,0,0,0,0,0,0,0,0,0,0
17,GCA,0,0,0,0,34,0,0,0,0,0,0,0,0,0,0,0,0,0,0,0,0,0,0,0,0,0,0,0,0,0,0,0,0,0,0,0,179078,1,59,1,0,2,0,0,24,0,0,0,0,0,0,0,2,0,0,0,0,0,0,0,0,0,0,0
18,GAC,0,6,0,0,0,0,0,0,0,0,0,0,0,0,0,0,0,0,0,0,0,0,0,0,0,0,0,0,0,0,0,0,3,179087,20,1,0,3,0,0,0,9,0,0,0,1,0,0,0,3,0,0,0,0,0,0,0,0,0,0,0,0,0,0
19,ACA,2,0,0,2,178966,2,24,0,0,0,208,1,7,0,0,0,0,10,0,0,0,0,0,0,0,0,0,0,0,0,0,0,0,0,0,0,0,0,0,0,0,0,0,0,0,0,0,1,0,0,0,0,3,0,0,0,0,0,0,0,4,0,0,0
20,ATA,2,0,0,0,9,0,0,0,0,0,0,0,179164,0,16,0,0,0,0,0,0,0,0,0,0,0,0,0,0,0,0,0,0,0,0,0,0,0,0,0,0,0,0,0,4,0,0,0,0,0,0,0,0,0,0,0,0,0,0,0,5,0,0,0
21,TGT,0,0,0,0,0,0,0,0,0,0,0,1,0,0,0,0,0,0,0,0,0,0,0,0,0,0,0,6,0,0,0,0,0,0,0,0,0,0,0,0,0,0,0,0,0,0,0,0,0,0,0,5,0,0,0,0,0,34,2,179225,0,0,0,1
22,ATA,1,0,0,0,6,0,0,0,0,0,0,0,179195,1,19,1,0,0,0,0,0,0,0,0,0,0,0,0,0,0,0,0,0,0,0,0,0,0,0,0,0,0,0,0,14,0,0,0,0,0,0,0,0,0,0,0,0,0,0,0,0,0,0,0
23,GGC,0,0,0,0,0,0,0,0,0,1,0,0,0,2,0,0,0,0,0,0,0,0,0,0,0,0,0,0,0,0,0,0,0,539,0,0,0,1,0,0,5,178633,0,9,0,39,0,0,0,0,0,0,0,0,0,0,0,20,0,0,0,0,0,0
24,TAC,0,0,0,0,0,0,0,0,0,0,0,0,0,0,0,0,0,4,0,0,0,0,0,0,0,0,0,0,0,0,0,0,0,0,0,0,0,0,0,0,0,0,0,0,0,0,0,0,0,179228,0,12,0,0,0,0,0,9,0,0,0,0,0,1
25,CAT,0,0,0,0,0,0,0,0,0,0,0,0,0,0,0,0,0,4,1,179187,0,0,0,1,0,0,0,10,0,0,0,1,0,0,0,0,2,0,0,0,0,0,0,0,0,0,0,0,0,0,0,4,0,0,0,0,0,0,0,0,0,0,0,0
26,GCG,0,0,0,0,0,0,10,0,0,1,0,0,0,0,0,0,0,0,0,0,0,0,0,0,0,0,0,0,0,0,0,0,0,0,8,0,89,1,179008,0,0,0,0,0,0,0,17,0,0,0,0,0,0,0,1,1,0,0,0,0,0,0,0,0
27,AAC,2,179147,2,15,0,0,0,0,0,7,0,0,0,3,0,0,0,0,0,0,0,0,0,0,0,0,0,0,0,0,0,0,0,14,0,0,0,0,0,0,0,0,0,0,0,0,0,0,0,0,0,0,0,0,0,0,0,0,0,0,0,0,0,0
28,AAC,2,179178,2,1,0,0,0,0,0,4,0,0,0,0,0,0,0,0,0,0,0,0,0,0,0,0,0,0,0,0,0,0,0,8,0,0,0,0,0,0,0,0,0,0,0,0,0,0,0,3,0,0,0,0,0,0,0,0,1,0,0,0,0,0
29,TCA,0,0,0,1,0,0,0,0,0,0,0,0,0,0,0,0,0,0,0,0,13,0,0,0,1,0,0,0,0,0,0,0,0,0,0,0,0,0,0,0,0,0,0,1,0,0,0,0,0,0,0,0,179160,0,7,0,0,0,0,0,3,0,0,0
30,ACC,0,8,0,0,1,179131,0,11,0,0,0,0,0,15,0,0,0,0,0,0,0,0,0,0,0,0,0,0,0,0,0,0,0,0,0,0,0,18,0,0,0,0,0,0,0,0,0,0,0,0,0,0,1,1,0,0,0,0,0,0,0,0,0,0
31,GAC,0,13,0,0,1,0,0,0,0,0,0,0,0,0,0,0,0,0,0,0,0,0,0,0,0,0,0,0,0,0,1,0,0,179238,1,5,0,0,0,0,0,5,0,0,0,1,0,0,0,2,0,0,0,0,0,0,0,0,0,0,0,0,0,0
32,ACT,0,0,0,0,1,10,1,179219,0,0,0,0,0,0,0,2,0,0,0,0,0,0,0,1,0,0,0,0,0,0,0,1,0,0,0,0,0,0,0,10,0,0,0,0,0,0,0,0,0,0,0,0,1,0,0,0,0,0,0,0,0,0,0,0
33,GTT,0,0,0,0,0,0,0,0,0,0,0,0,0,0,0,13,0,0,0,0,0,0,0,0,0,0,0,0,0,0,0,0,0,0,0,1,0,0,0,17,0,0,0,0,2,23,1,179164,0,0,0,0,0,0,0,0,0,0,0,0,0,0,0,0
34,GAC,0,2,0,0,0,0,0,0,0,0,0,0,0,0,0,0,0,0,0,0,0,0,0,0,0,0,0,0,0,0,0,0,1,179029,3,127,0,0,0,0,0,12,0,0,0,0,0,0,0,1,0,0,0,0,0,0,0,0,0,0,0,0,0,0
35,ACA,2,0,0,0,179122,2,21,0,0,0,0,0,6,0,0,0,0,0,0,0,1,0,0,0,0,0,0,0,0,0,0,0,0,0,0,0,7,0,0,0,0,0,0,0,0,0,0,0,0,0,0,0,2,0,0,0,0,0,0,0,0,0,0,0
36,ATA,1,0,0,0,8,0,0,0,0,0,0,0,179217,0,8,1,0,0,0,0,0,0,0,0,0,0,0,0,1,0,0,0,0,0,0,0,0,0,0,0,0,0,0,0,3,0,0,0,0,0,0,0,0,0,0,0,0,0,0,0,0,0,0,0
37,CTC,0,6,0,0,0,156,0,0,159,429,64,0,0,0,0,0,0,0,113,0,0,7,0,0,120,0,0,0,6,178033,0,8,0,0,0,0,0,0,0,0,0,0,0,0,0,0,0,0,0,141,0,0,0,0,0,20,0,0,0,0,0,2,0,0
38,GAG,0,0,7,0,0,0,0,0,0,0,0,0,0,0,0,0,0,0,0,0,0,0,0,0,0,0,0,0,0,0,0,0,4,0,179108,6,4,0,0,0,0,0,9,0,0,0,0,0,0,0,0,0,0,0,0,0,0,0,0,0,0,0,0,0
39,AAG,5,0,179212,3,0,0,0,0,0,0,8,0,0,0,0,0,0,0,0,0,0,0,0,0,0,0,0,0,0,0,0,0,0,0,3,0,0,0,0,0,0,0,0,0,0,0,0,0,0,0,1,0,0,0,0,0,0,0,0,0,0,0,0,0
40,AAT,1,3,1,179177,0,0,0,2,0,0,0,7,0,0,0,3,0,0,0,0,0,0,0,0,0,0,0,0,0,0,0,0,0,0,0,25,0,0,0,0,2,0,0,0,0,0,0,0,0,0,0,1,0,0,0,0,0,0,0,0,0,0,0,0
41,GTG,0,0,0,0,0,0,0,0,0,0,0,0,0,196,6,0,0,0,0,0,0,0,0,0,0,0,0,0,0,0,0,0,0,0,3,0,0,0,7,0,0,0,1,0,3,0,178924,3,0,0,0,0,0,0,0,0,0,0,0,0,0,0,0,0
42,GCA,0,0,0,0,8,1,0,0,0,0,0,0,0,0,0,0,0,0,0,0,3,0,0,0,0,0,0,0,0,0,0,0,0,0,0,0,178937,0,10,0,0,0,0,0,47,0,0,0,0,0,0,0,6,0,0,0,0,0,0,0,0,0,0,0
43,GTG,0,0,0,0,0,0,0,0,0,0,0,0,0,0,15,0,0,0,0,0,0,0,0,0,0,0,0,0,0,0,0,0,0,0,1,0,0,0,9,0,0,0,3,0,29,1,179130,2,0,0,0,0,0,0,0,0,0,0,0,0,0,0,5,0
44,ACA,2,0,0,0,179147,0,10,1,0,0,0,0,4,0,0,0,0,0,0,0,0,0,0,0,0,0,0,0,0,0,0,0,0,0,0,0,33,0,0,0,0,0,0,0,0,0,0,0,0,0,0,0,1,0,0,0,0,0,0,0,0,0,0,0
45,CAT,0,0,0,0,0,0,0,0,0,0,0,0,0,0,0,0,0,2,1,179235,0,0,0,0,0,0,0,5,0,0,0,1,0,0,0,0,0,0,0,0,0,0,0,0,0,0,0,0,0,0,0,3,0,0,0,0,0,0,0,0,0,0,0,0
46,TCT,0,0,0,0,0,0,0,0,0,0,0,0,0,0,0,0,0,0,0,0,0,0,0,7,0,0,0,0,0,0,0,0,0,0,0,0,0,0,0,0,0,0,0,0,0,0,0,0,0,0,0,1,3,18,0,179208,0,0,0,0,0,0,0,6
47,GTT,11,0,0,0,0,0,0,0,0,0,287,0,0,0,0,8,0,0,0,0,0,0,0,0,15,0,576,222,0,1,0,0,0,0,0,0,0,0,0,6,0,0,0,1,0,7,0,178084,0,0,0,0,0,0,0,0,0,0,0,0,0,0,0,5
48,AAC,4,179138,1,34,0,3,0,0,0,2,0,0,0,0,0,0,0,2,0,0,0,0,0,0,0,0,0,0,0,0,0,0,0,14,0,0,0,0,0,0,0,0,0,0,0,0,0,0,0,0,0,0,0,0,0,0,0,0,0,0,0,0,0,0
49,CTG,0,0,0,0,0,0,0,0,0,0,0,0,0,1,5,0,0,0,6,0,0,0,8,0,0,0,0,0,260,0,178869,7,0,0,0,0,0,0,0,0,0,0,0,0,0,0,0,0,0,0,0,0,0,0,0,0,0,2,0,0,0,0,5,0
50,CTC,0,0,0,0,0,3,0,0,0,0,0,0,0,3,0,0,0,1,0,0,0,9,0,0,0,0,0,0,0,178999,1,5,0,0,0,0,0,0,0,0,0,0,0,0,0,0,0,0,0,0,0,0,0,0,2,0,0,0,0,0,0,5,0,0
51,GAA,8,0,0,0,0,0,0,0,0,0,0,0,0,0,0,0,0,1,0,0,0,0,0,0,0,0,0,0,0,0,0,0,179046,5,5,3,0,0,0,0,30,0,0,0,1,0,2,0,1,0,0,0,0,0,0,0,0,0,0,0,0,0,0,0
52,GAC,0,3,0,0,0,0,1,0,0,1,0,0,0,0,0,0,0,3,1,0,0,0,0,0,0,0,0,0,0,0,0,0,3,179103,0,24,0,0,0,0,0,14,0,0,0,0,0,0,0,3,0,0,0,0,0,0,0,0,0,0,0,0,0,1
53,AGC,0,31,0,0,0,1,0,0,5,178462,1,155,0,3,0,0,0,3,0,0,0,0,0,0,0,0,0,0,0,0,331,0,0,0,0,0,0,0,0,119,0,23,0,0,0,0,0,0,0,0,0,0,2,0,0,0,0,1,0,0,0,0,0,1
54,CAC,0,1,0,0,0,0,0,0,0,0,0,0,0,0,0,0,3,179164,0,3,0,0,0,1,0,2,0,0,0,0,0,0,0,2,0,0,0,0,0,1,0,0,0,0,0,0,0,0,0,1,0,0,0,0,0,0,0,0,0,0,0,0,0,0
55,AAC,2,179087,3,28,0,0,0,0,0,3,0,0,0,1,0,0,0,0,0,0,0,0,0,0,0,0,0,0,0,0,0,0,0,16,0,0,0,0,0,0,0,0,0,0,0,0,0,0,0,0,0,0,0,0,0,0,0,0,0,0,0,0,0,0
56,GGG,0,0,0,0,0,0,1,0,0,0,8,0,0,0,0,0,0,21,0,0,0,0,0,0,0,0,18,0,0,0,0,0,0,0,11,0,0,0,0,0,5,0,178949,1,0,0,1,0,0,0,0,0,0,0,0,0,0,0,5,0,0,0,0,0
57,AAA,178741,0,312,0,0,0,0,0,13,0,0,0,0,0,0,0,0,0,0,0,0,0,0,0,0,0,0,0,0,0,0,0,23,0,0,0,0,0,0,0,1,0,0,0,0,0,2,0,0,0,2,0,0,0,0,0,0,0,0,0,0,0,0,0
58,CTA,1,0,0,0,0,0,0,1,0,0,0,0,0,0,0,0,0,0,0,0,5,0,0,0,0,0,0,0,178509,1,6,0,0,0,0,0,0,0,0,0,0,0,0,0,0,0,0,0,0,0,0,0,0,0,0,0,0,0,0,0,2,0,0,0
59,TGT,0,0,0,0,0,0,0,0,0,0,0,0,0,0,1,0,0,0,0,0,0,0,0,0,0,0,0,9,0,0,0,0,0,0,0,0,0,0,0,0,0,0,0,0,0,0,0,0,0,0,0,3,0,0,0,0,0,4,0,178884,0,0,0,5
60,AAA,179105,1,5,0,1,0,0,0,4,0,0,1,0,0,0,0,32,0,0,0,0,0,0,0,0,1,0,0,0,0,0,0,8,0,0,0,0,0,0,0,0,0,0,0,0,0,0,0,0,6,0,0,0,0,0,1,0,0,0,1,0,0,0,0
61,TTA,0,0,0,0,0,0,0,0,0,0,0,0,1,0,0,0,0,0,0,0,0,0,0,0,0,0,0,0,1,0,0,4,0,0,0,0,0,0,0,0,0,0,0,0,0,0,0,0,0,0,0,0,8,0,0,0,0,0,0,0,178583,0,15,3
62,AAA,177987,454,210,5,1,0,0,0,23,0,0,0,0,0,0,0,2,188,1,0,0,0,0,0,0,0,0,0,0,0,0,0,7,0,0,0,0,0,0,0,0,0,0,0,0,0,0,0,0,0,0,1,0,0,0,1,0,0,0,0,0,0,0,2
63,GGA,0,0,0,0,0,0,0,0,4,0,0,0,0,0,0,0,0,0,0,0,0,0,0,0,0,0,0,0,0,0,0,0,4,0,0,0,0,0,0,0,179071,1,12,0,0,0,0,0,0,0,0,0,0,0,0,0,11,0,0,0,0,0,0,0
64,ATA,237,0,0,0,5,0,0,0,0,0,0,0,178375,3,42,1,0,0,0,242,0,0,0,0,0,0,0,0,0,0,0,0,0,0,0,0,0,0,0,0,0,0,0,0,18,0,0,0,0,0,0,0,0,0,0,0,0,0,0,0,0,0,0,0
65,GCC,0,0,0,0,0,3,0,0,0,0,0,0,0,0,0,0,0,0,0,0,1,2,0,0,0,0,1,0,0,0,0,0,3,1,0,0,1,178950,0,2,0,0,0,0,0,17,0,0,0,0,0,0,0,0,0,0,0,0,0,0,0,0,0,0
66,CCA,0,0,0,0,0,0,0,0,0,0,0,0,0,0,0,0,0,0,0,0,179022,0,4,0,0,0,0,0,3,0,0,0,0,0,0,0,0,0,0,0,0,0,0,0,0,0,0,0,0,0,0,0,1,0,0,0,0,0,0,0,0,0,0,0
67,CTA,0,0,0,0,0,0,0,0,0,0,0,0,3,0,0,0,0,0,0,0,26,0,0,0,0,0,0,0,178788,0,10,1,0,0,0,0,0,0,0,0,0,0,0,0,0,0,0,0,0,0,0,0,0,0,0,0,0,0,0,0,1,0,0,0
68,CAA,4,0,0,0,1,0,2,0,0,0,0,0,0,0,0,0,177850,0,5,18,1,0,0,0,2,0,0,0,0,2,1,0,1,0,0,1024,0,2,0,0,0,0,0,0,0,0,0,0,7,0,0,2,0,0,0,0,0,0,0,0,0,0,0,0
69,TTG,0,0,0,0,0,0,0,0,0,0,0,0,0,0,0,0,0,0,0,0,0,0,0,0,0,0,0,0,0,0,2,174,0,0,0,0,0,0,0,0,0,0,0,0,0,0,1,0,0,0,0,0,0,0,10,0,0,0,0,0,7,0,177955,5
70,GGG,0,0,0,0,0,0,0,0,0,0,3,0,0,0,0,0,0,1,0,0,0,0,0,0,0,1,0,1,0,0,0,0,0,0,18,2,0,0,0,0,16,1,178817,5,0,0,1,0,0,0,0,0,0,0,0,0,0,0,2,0,0,5,1,0
71,AAA,178914,0,3,6,0,0,0,0,4,0,0,0,0,0,0,0,0,0,0,0,0,0,0,1,0,0,0,1,0,0,0,0,17,0,0,0,0,0,0,0,0,0,0,0,0,0,0,0,34,0,0,0,0,0,0,0,0,0,0,0,0,0,0,0
72,TGT,0,0,0,0,0,0,0,0,0,0,0,1,0,0,0,0,0,0,0,0,0,0,0,0,0,0,0,5,0,0,0,0,0,0,0,0,0,0,0,0,0,0,0,3,0,0,0,0,0,0,0,11,0,0,0,0,0,12,5,179046,0,0,0,6
73,AAC,2,178661,0,9,18,2,0,0,0,22,0,0,0,0,0,0,0,0,0,0,0,0,0,0,0,0,0,0,0,0,0,0,0,32,0,0,0,0,0,0,0,0,0,0,0,0,0,0,0,1,0,0,0,110,0,163,0,0,0,0,0,0,0,0
74,ATC,0,0,0,0,0,6,0,0,0,0,0,0,4,178873,0,5,0,0,0,0,0,0,0,0,0,0,0,0,0,7,0,0,0,0,0,0,0,0,1,0,0,0,0,0,0,12,0,0,0,0,0,0,0,0,0,0,0,0,0,0,0,1,0,0
75,ACC,0,1,0,0,2,178937,82,26,0,1,0,0,0,9,0,0,0,0,0,0,0,0,1,1,0,0,0,0,0,0,0,0,0,0,0,0,0,13,0,0,0,0,0,0,1,54,0,0,0,0,0,0,0,0,0,0,0,0,0,0,0,0,1,0
76,GGA,0,0,0,0,0,0,0,0,80,0,0,0,0,0,0,0,0,0,0,0,0,0,0,0,0,0,0,0,0,0,0,0,11,0,0,0,0,0,0,2,179018,1,13,2,4,0,0,0,0,0,0,0,0,0,0,0,1,0,0,0,0,0,0,0
77,TGG,0,0,0,0,0,0,0,0,0,0,1,0,0,0,0,0,0,0,0,0,0,0,0,0,0,0,2,0,0,0,0,0,0,0,0,0,0,0,0,0,0,0,1,0,0,0,0,0,0,0,2,0,0,0,0,0,26,0,179167,1,0,0,7,0
78,CTC,0,0,0,0,0,0,0,0,0,0,0,0,0,0,0,0,2,2,0,0,0,13,0,0,0,0,0,0,3,178989,0,0,0,0,0,0,0,0,0,0,0,0,0,0,0,5,0,0,0,0,0,0,0,0,0,0,0,0,0,0,0,4,0,0
79,TTG,0,0,0,0,0,0,0,0,0,0,0,0,0,0,1,0,0,0,0,0,0,0,0,0,0,0,0,0,0,0,17,1,0,0,0,0,0,0,0,0,0,0,0,0,0,0,1,0,0,0,4,0,0,0,20,0,0,0,1,0,4,0,178818,1
80,GGA,0,0,0,0,0,0,0,0,3,0,0,0,0,0,0,0,0,0,0,0,0,0,0,0,0,0,0,0,0,0,0,0,6,0,0,0,0,0,0,0,179066,0,8,0,1,0,0,0,0,0,0,0,0,0,0,0,3,0,0,0,0,0,0,0
81,AAT,0,11,0,178774,0,0,0,1,0,0,0,6,0,0,0,5,0,0,0,1,0,0,0,0,0,0,0,0,0,0,0,0,0,0,0,3,0,0,0,0,0,0,0,0,0,0,0,0,0,0,0,0,0,0,0,0,0,0,0,0,0,0,0,0
82,CCA,0,0,0,0,3,0,0,0,0,0,0,0,0,0,0,0,3,0,0,0,179096,4,59,3,0,0,0,0,11,0,0,0,0,0,0,0,0,0,0,0,0,0,0,0,0,0,0,0,0,0,0,0,6,0,0,0,0,0,0,0,0,0,0,0
83,GAA,237,0,0,0,0,0,1,0,0,0,0,0,0,0,0,0,0,0,0,0,0,0,0,0,0,0,0,0,0,0,0,0,178866,1,7,4,0,0,0,0,6,0,0,0,5,0,0,0,4,0,0,0,0,0,0,1,1,0,0,0,0,0,0,0
84,TGC,0,0,0,0,0,0,0,0,0,0,0,0,0,0,0,0,0,0,0,0,0,0,0,0,0,4,0,0,0,0,0,0,0,0,0,0,0,0,0,0,0,2,0,0,0,0,0,0,0,3,0,0,0,0,0,0,0,179063,0,86,0,3,0,0
85,GAC,0,9,0,0,0,0,0,0,0,0,0,0,0,0,0,0,0,0,0,0,0,0,0,0,0,0,0,0,0,0,0,0,6,179133,0,2,0,0,0,0,0,6,0,0,0,0,0,0,0,5,0,0,0,0,0,0,0,0,0,0,0,0,0,0
86,TCA,0,0,0,0,4,0,0,0,1,1,0,0,0,0,0,0,0,0,0,0,5,0,0,0,0,0,0,0,0,0,1,0,3,0,0,0,0,8,0,0,0,0,0,0,0,0,0,0,1,0,0,1,179006,1,12,0,1,0,0,0,1,0,0,0
87,CTG,0,0,0,0,0,0,0,0,0,0,0,0,0,0,1,0,0,0,0,0,0,0,10,0,0,0,1,0,42,0,179122,0,0,0,0,0,0,0,0,0,0,0,0,0,0,0,0,0,0,0,0,0,0,0,0,0,0,0,0,0,0,0,16,0
88,CTT,0,0,0,0,1,0,0,0,0,0,0,0,0,0,0,1,0,0,0,0,0,0,0,8,0,0,0,1,0,10,0,178916,0,0,0,0,0,0,0,0,0,0,0,0,0,0,0,0,0,0,0,0,0,0,0,0,0,0,0,0,0,0,0,6
89,CCA,0,0,0,0,2,0,0,0,0,0,0,0,0,209,0,0,4,0,0,1,178837,4,22,1,0,0,0,0,24,0,20,0,0,0,0,0,0,0,0,0,0,1,0,0,1,0,0,0,0,0,0,3,5,0,0,1,0,0,0,0,0,0,0,0
90,GCG,3,0,0,0,1,66,6,0,3,0,1,0,0,2,0,28,253,2,0,1,2,0,0,0,0,4,2,0,0,1,0,0,1,0,5,0,7,0,178590,2,0,0,0,0,0,1,79,0,0,0,0,0,0,0,4,0,0,0,0,0,0,25,0,0
91,AGA,19,0,0,0,1,0,0,176,178778,0,6,0,35,0,0,0,0,139,0,0,0,0,0,0,0,0,0,0,0,0,0,0,0,0,0,0,0,0,1,0,5,0,0,0,1,0,0,0,0,0,0,0,0,0,0,0,0,0,0,0,0,0,0,0
92,TCA,0,0,0,0,3,0,0,0,0,0,0,0,0,40,0,0,1,0,0,0,10,0,0,0,0,0,0,0,0,0,0,0,0,4,0,1,3,0,0,0,0,0,0,0,0,3,0,0,2,221,0,0,178759,0,35,0,0,0,1,0,4,0,0,0
93,TGG,0,0,0,0,0,0,0,0,0,0,2,0,0,0,0,0,0,0,0,0,0,0,0,0,0,0,12,0,0,0,0,0,0,0,0,0,0,0,0,0,0,0,0,0,0,0,0,0,0,0,5,0,0,0,0,0,7,0,179159,1,0,0,3,0
94,TCC,0,0,0,0,0,1,0,0,0,0,0,1,0,0,0,0,0,0,0,0,0,70,0,0,0,0,0,0,0,0,0,0,0,0,0,0,0,0,0,0,1,0,0,0,0,0,0,0,0,5,0,0,8,178967,1,13,0,0,0,0,0,3,0,0
95,TAC,0,1,0,0,0,0,0,0,0,0,0,0,0,0,0,0,0,32,0,0,0,0,0,0,0,0,0,0,0,0,0,0,0,0,0,0,0,0,0,0,0,0,0,0,0,0,0,0,0,179104,1,10,0,1,0,0,0,17,0,0,0,0,0,0
96,ATT,0,0,0,1,0,0,0,6,0,0,0,0,0,4,4,121987,0,0,0,0,0,0,0,0,0,0,0,0,0,0,0,2,0,0,0,0,0,0,0,0,0,0,0,0,0,0,0,1,0,0,0,0,0,0,0,0,0,0,0,0,0,0,0,2
97,GTA,0,0,0,0,0,0,0,0,0,0,0,0,4,0,0,1,0,0,0,0,0,0,0,0,0,0,0,0,0,0,0,0,0,0,0,0,10,0,0,0,0,0,0,0,122075,1,17,0,0,0,0,0,0,0,0,0,0,0,0,0,1,0,0,0
98,GAA,7,0,0,0,0,0,0,0,0,2,0,0,0,0,0,0,0,0,0,0,0,0,0,0,0,0,0,0,0,0,0,0,122122,1,5,0,1,0,0,0,2,0,0,0,0,0,0,0,1,0,0,0,0,0,0,0,0,0,0,0,0,0,0,0
99,ACA,4,0,0,0,122075,51,5,0,0,0,0,1,1,0,0,0,0,0,0,0,9,0,0,0,0,0,0,0,0,0,0,0,0,1,0,0,6,0,0,0,0,0,0,0,0,0,0,0,0,0,0,0,0,1,0,0,0,0,0,0,0,0,0,0
100,CCA,0,0,0,0,0,0,0,0,0,0,0,0,0,0,1,0,2,1,0,0,122105,0,8,1,0,0,0,0,7,0,0,0,0,0,0,0,0,0,0,0,0,0,0,0,0,0,0,0,0,0,0,0,2,0,0,0,0,0,0,0,0,0,0,0
101,AAC,0,122126,0,5,0,2,0,0,1,4,0,0,0,0,0,0,0,0,3,0,0,0,0,0,0,0,0,0,0,0,0,3,0,3,0,0,0,0,0,0,0,0,0,0,0,0,0,0,0,0,0,0,0,0,0,0,0,0,0,0,0,0,0,0
102,TCT,0,0,0,23,0,1,0,8,0,0,0,0,0,0,0,0,0,0,0,0,0,0,0,3,0,0,0,0,0,0,0,0,0,0,0,0,0,0,0,0,1,0,0,0,0,0,0,0,0,0,0,2,3,36,0,121713,0,0,0,0,0,0,0,1
103,GAG,0,0,27,0,0,0,0,0,0,0,0,0,0,0,0,0,0,0,1,0,0,0,0,0,0,0,0,0,0,0,0,0,4,0,122078,1,0,0,2,0,0,0,24,0,0,0,9,0,0,0,1,0,0,0,0,0,0,0,0,0,0,0,0,0
104,AAT,7,4,1,122019,0,0,0,2,0,0,0,4,0,0,0,1,0,0,0,0,0,0,0,0,0,0,0,0,0,0,0,0,0,0,0,8,0,0,0,0,0,0,0,0,0,0,0,0,0,0,1,1,0,0,0,0,0,0,0,0,0,0,0,0
105,GGA,0,0,0,0,0,0,0,0,2,0,0,0,0,0,0,0,0,0,0,0,0,0,0,0,0,0,0,0,0,0,0,0,1,0,0,0,0,0,0,0,122067,0,4,0,2,0,0,0,0,0,0,0,0,0,0,0,1,0,0,0,0,0,0,0
106,GCA,0,0,0,0,6,0,0,0,0,0,0,0,0,1,0,0,1,0,0,0,0,0,0,0,0,0,0,0,0,0,0,1,1,0,0,0,122048,1,5,1,0,0,0,0,22,0,0,0,0,0,0,0,2,0,0,0,0,0,0,0,0,0,0,0
107,TGT,0,0,0,0,0,0,0,0,0,0,0,0,0,0,0,0,0,0,0,0,0,0,0,0,0,0,0,1,0,0,0,0,0,0,0,0,0,0,0,0,0,0,0,0,0,0,0,0,0,0,0,7,0,0,0,0,1,5,0,122131,0,0,0,2
108,TAT,0,0,0,0,0,0,0,0,0,0,0,0,0,0,0,0,0,0,0,9,0,0,0,0,0,0,0,0,0,0,0,0,0,0,0,0,0,0,0,0,0,0,0,0,0,0,0,0,1,1,2,122085,0,0,0,0,0,0,0,5,0,0,0,0
109,CCA,0,0,0,0,0,0,0,0,0,0,0,0,0,0,0,0,0,0,0,0,122076,1,15,0,0,0,0,0,2,0,0,0,0,0,0,0,0,0,0,0,0,0,0,0,0,0,0,0,0,0,0,0,0,0,0,0,0,0,0,0,0,0,0,0
110,GGA,0,0,0,0,0,0,0,0,2,0,0,0,0,0,0,0,0,0,0,0,0,0,0,0,0,0,0,0,0,0,0,0,2,0,0,0,0,0,0,1,122101,0,10,0,1,0,0,0,0,0,0,0,0,0,0,0,6,0,0,0,0,0,0,0
111,GAT,0,0,0,1,0,0,0,1,0,0,0,0,0,0,0,0,0,0,0,0,0,16,0,0,0,0,0,0,0,0,0,0,0,3,0,121950,0,0,0,0,0,0,0,2,0,0,0,1,0,0,44,2,0,0,0,0,0,0,0,0,0,0,0,0
112,CTC,0,0,0,0,0,0,0,0,0,0,0,0,0,0,0,0,0,3,0,0,0,34,0,0,0,0,0,0,2,122025,0,3,0,0,0,0,0,0,0,0,0,0,0,0,0,0,0,0,0,0,0,0,0,0,0,0,0,0,0,0,0,1,3,0
113,ATC,0,140,0,0,1,7,1,0,0,0,0,0,4,121746,0,77,0,0,0,86,0,0,0,0,0,0,0,0,0,1,0,0,0,0,0,0,0,0,0,0,0,1,0,0,0,4,0,0,0,0,0,0,0,0,0,0,0,0,0,0,0,6,0,0
114,GAC,0,3,0,0,0,0,0,0,0,0,0,0,0,0,0,0,0,0,0,0,0,0,0,0,0,0,0,0,0,0,0,0,0,122030,0,38,0,0,0,0,0,4,0,0,0,0,0,0,0,1,0,0,0,0,0,0,0,0,0,0,0,0,0,0
115,TAT,0,0,0,0,0,0,0,0,0,0,0,0,0,0,0,0,0,0,0,40,0,0,0,2,0,0,0,0,0,0,0,1,0,0,0,0,0,0,36,0,2,0,0,0,0,0,0,0,0,8,1,121972,0,0,0,0,0,0,0,6,0,0,0,0
116,GAG,0,0,3,0,0,0,0,0,0,0,0,0,0,0,0,0,0,0,1,0,0,0,0,0,0,0,0,0,0,0,0,0,5,0,121997,10,0,0,5,0,0,0,32,0,0,0,1,0,0,0,4,0,0,0,0,0,0,0,0,0,0,0,0,1
117,GAA,8,0,0,0,0,0,0,0,0,0,0,0,0,0,0,0,0,0,0,0,0,0,0,0,0,0,0,0,0,0,0,0,122036,0,5,0,0,0,0,0,5,0,0,0,0,0,0,0,0,0,0,0,0,0,0,0,0,0,0,0,0,0,0,0
118,CTG,0,0,0,0,0,0,0,0,0,0,0,0,1,0,2,0,0,0,0,0,0,0,16,0,0,0,0,0,2,0,122095,0,0,0,0,0,0,0,0,0,0,0,0,0,0,0,1,0,0,0,0,0,0,0,0,0,0,0,0,0,0,0,1,0
119,AGG,0,0,5,0,0,0,0,0,81,0,121818,4,0,0,8,0,0,0,0,0,0,0,0,0,0,0,86,0,0,0,0,0,0,0,0,0,0,0,0,0,0,0,17,0,0,1,0,1,0,0,0,3,0,0,0,0,0,0,4,0,1,0,0,2
120,GAG,0,0,8,0,0,0,0,0,0,0,0,0,0,0,0,0,0,0,0,0,0,0,0,0,0,0,0,0,0,0,0,0,13,1,122050,2,0,0,0,0,0,0,13,0,0,0,1,0,0,0,1,0,0,0,0,0,0,0,0,0,0,0,0,0
121,CAA,1,0,0,0,0,0,0,0,0,0,0,0,0,0,0,0,121962,1,2,2,0,0,0,0,4,0,0,0,4,0,0,0,1,0,0,0,0,0,0,0,0,0,0,0,0,0,0,0,79,0,0,0,0,0,0,0,0,0,0,0,0,0,0,0
122,TTG,0,0,0,0,0,0,0,0,0,0,0,0,0,0,0,0,0,0,0,0,0,0,0,0,0,0,0,0,0,0,6,0,0,0,0,0,0,0,0,0,0,0,0,0,0,0,0,0,0,0,1,0,0,0,10,0,0,0,0,0,3,0,122061,1
123,AGC,0,0,0,0,0,0,0,0,0,121706,0,0,0,3,0,0,0,0,0,0,0,0,0,0,0,0,0,0,0,0,0,0,0,0,0,0,0,0,0,0,0,11,0,0,0,0,0,0,0,0,0,0,0,0,0,0,0,3,0,0,0,0,0,0
124,TCA,0,0,0,0,0,0,0,0,0,0,0,0,0,0,0,0,0,0,83,0,4,0,0,0,0,0,0,0,0,0,0,0,0,0,0,0,0,0,0,0,1,0,0,0,1,0,0,0,0,0,0,0,121928,0,13,0,0,0,0,0,4,0,0,0
125,GTA,0,0,0,0,0,0,0,0,0,0,0,0,22,0,0,1,0,0,0,0,0,0,0,0,0,0,0,0,1,0,0,0,0,0,0,0,7,0,292,0,0,0,0,0,121655,79,7,0,0,0,0,0,0,0,0,0,0,0,0,0,0,0,0,0
126,TCA,0,0,2,0,0,1,2,209,0,0,0,0,0,0,0,0,0,0,0,0,6,0,0,0,0,0,0,0,0,0,0,0,0,0,0,0,0,0,0,0,0,0,0,0,0,0,0,0,1,0,0,169,121678,10,1,2,4,0,0,0,3,0,0,0
127,TCA,0,0,0,0,0,0,0,0,0,0,0,0,0,0,0,0,0,0,0,0,2,0,0,0,0,0,0,1,0,0,0,0,0,0,0,0,0,0,0,0,0,0,0,0,0,0,0,0,0,0,0,0,122092,0,1,0,1,0,0,0,0,0,0,0
128,TTA,0,0,0,0,0,0,0,0,0,0,0,0,0,0,0,0,0,0,0,0,0,0,0,0,0,0,0,0,0,0,0,0,0,0,0,0,0,0,0,0,0,0,0,0,0,0,0,0,0,0,0,0,5,0,0,0,0,0,0,0,122083,0,5,0
129,GAA,3,0,0,0,0,0,0,0,0,0,0,0,0,0,0,0,0,0,0,0,0,0,0,0,0,0,0,0,0,0,0,0,121985,4,6,0,0,0,0,0,8,0,0,0,0,0,0,0,8,0,0,0,0,0,0,0,0,0,0,0,0,0,0,0
130,AGA,5,0,0,0,0,0,0,0,121967,0,10,0,5,0,0,0,0,0,0,0,0,0,0,0,0,0,0,0,0,0,0,0,0,0,0,0,0,0,0,0,7,0,0,0,0,0,0,0,0,0,0,0,0,0,0,0,0,0,0,0,0,0,0,0
131,TTC,0,0,0,0,0,0,0,0,0,0,0,0,0,0,0,0,0,0,0,0,0,0,0,0,0,0,0,0,0,1,0,0,0,0,0,0,0,0,0,0,0,0,0,0,0,0,0,0,0,0,0,0,0,7,0,0,0,0,0,0,0,122000,0,2
132,GAA,3,0,0,0,0,0,0,0,0,0,0,0,0,0,0,0,0,0,0,0,0,0,0,0,0,0,0,0,0,0,0,0,122048,1,11,1,0,0,0,0,6,0,0,0,0,0,0,0,0,0,0,0,0,0,0,0,0,0,0,0,0,0,0,0
133,ATA,2,0,0,0,7,0,0,0,0,0,0,0,122139,1,3,0,0,0,0,0,0,0,0,0,0,0,0,0,0,0,0,0,0,0,0,0,0,0,0,0,0,0,0,0,4,0,0,0,0,0,0,0,0,0,0,0,0,0,0,0,0,0,0,0
134,TTT,0,0,0,0,0,0,0,0,0,0,0,0,0,0,0,0,0,0,0,0,0,0,0,0,0,0,0,0,0,0,0,1,0,0,0,0,0,0,0,0,0,0,0,0,0,0,0,0,0,0,0,0,0,0,0,6,0,0,0,0,0,6,0,122132
135,CCC,0,2,0,0,0,0,0,0,0,0,0,0,0,0,0,0,0,0,0,0,1,122108,0,0,0,0,0,0,0,2,0,0,2,0,0,0,0,0,0,0,0,0,0,0,0,0,0,0,0,0,0,0,0,5,0,0,0,0,0,0,0,0,0,0
136,AAG,2,0,122087,3,0,1,1,0,0,0,7,0,0,0,1,0,0,0,1,0,0,1,0,0,0,0,0,0,0,0,3,0,6,0,14,0,0,0,0,0,0,0,0,0,0,0,0,1,0,0,0,0,0,0,0,0,0,0,0,0,0,0,0,0
137,GAA,1,0,0,1,0,0,0,0,0,0,0,0,0,0,0,190,0,0,0,0,0,0,0,0,0,0,0,0,0,0,0,1,121866,0,4,0,1,0,0,0,5,0,0,0,0,0,0,0,1,0,0,0,0,0,0,0,0,0,0,0,0,0,0,0
138,AGT,0,0,0,6,1,0,1,0,0,1,0,122017,0,0,0,2,0,0,0,0,0,0,0,0,58,0,0,1,0,0,0,0,1,0,0,0,0,0,0,0,0,0,1,7,0,0,0,0,0,0,0,0,0,0,0,0,2,0,0,0,1,0,10,0
139,TCA,0,0,0,0,1,1,0,0,0,0,0,0,0,0,0,0,0,0,0,0,8,0,0,0,0,0,0,0,0,0,0,0,0,0,0,0,1,0,1,0,0,0,0,0,0,2,0,0,1,0,0,0,122050,0,15,2,0,0,2,0,1,0,0,1
140,TGG,0,0,0,0,0,0,0,0,0,0,5,0,0,0,0,0,0,0,0,0,0,0,0,0,0,0,2,0,0,0,0,0,0,0,0,0,0,0,0,0,0,0,0,0,0,0,0,0,0,0,52,0,0,0,0,0,12,0,122021,1,0,0,1,0
141,CCC,0,0,0,0,0,3,0,0,0,0,0,0,0,0,0,0,0,1,0,0,2,122059,0,4,0,0,0,0,0,4,0,0,0,0,0,0,0,1,0,0,0,0,0,0,0,1,0,0,0,0,0,0,0,4,0,0,0,0,0,0,0,0,0,0
142,AAC,3,122081,0,9,0,2,0,0,0,4,0,0,0,1,0,0,0,0,0,0,0,0,0,0,0,0,0,0,0,0,0,0,0,15,0,0,0,0,2,0,0,0,0,0,0,0,0,0,0,1,0,0,0,0,0,0,0,0,0,0,0,0,0,0
143,CAC,0,1,0,0,0,0,0,0,0,0,0,0,0,0,0,0,0,122064,0,1,0,2,0,0,0,6,0,0,0,0,0,0,0,0,0,0,0,0,0,0,0,0,0,0,0,0,0,0,1,7,0,0,0,0,0,0,0,0,0,0,0,0,0,0
144,ACA,2,0,0,0,122041,0,4,0,0,0,0,0,2,0,0,0,0,0,0,0,1,0,0,0,0,0,0,0,0,0,0,0,0,0,0,0,21,0,0,0,0,0,0,0,0,0,0,0,0,0,0,0,3,0,0,0,0,0,0,0,0,0,0,0
145,TTC,0,0,0,1,0,0,0,0,0,1,0,0,0,0,0,0,0,0,0,0,0,0,0,0,0,0,0,0,0,5,0,0,0,0,1,0,0,19,0,0,1,0,2,0,0,0,0,0,0,1,0,1,0,7,0,1,0,1,0,0,0,122105,0,6
146,AAC,1,122066,1,43,0,0,1,0,0,11,0,0,0,0,0,0,0,0,0,0,1,1,0,1,0,0,0,0,0,0,0,0,0,21,0,0,0,0,1,0,0,0,0,1,0,0,0,0,0,1,0,0,0,0,0,0,0,0,0,0,0,0,0,0
147,GGA,0,0,0,0,0,0,0,0,20,0,0,0,0,0,0,0,0,0,0,0,0,0,0,0,0,0,0,0,0,0,0,0,1,0,0,0,0,0,0,0,122118,0,5,0,1,0,0,0,0,0,0,0,0,0,0,0,3,0,0,0,0,0,0,0
148,GTA,0,0,0,0,0,0,0,3,0,0,0,0,15,0,0,0,0,0,39,0,0,0,0,0,0,0,0,0,2,0,0,0,0,0,0,0,6,0,0,0,0,0,0,0,122085,0,6,0,0,0,0,0,0,0,0,0,0,0,0,0,1,0,0,0
149,ACA,1,0,0,0,122112,2,24,0,0,0,0,0,4,0,0,0,0,0,0,0,0,0,0,0,0,0,0,0,0,0,0,0,0,0,0,0,2,0,0,0,0,0,0,0,0,0,0,0,0,0,0,0,2,0,0,0,0,0,0,0,0,0,0,0
150,GTA,0,0,0,0,0,0,0,0,0,0,0,1,5,0,0,0,0,0,1,0,0,0,0,0,0,0,1,0,0,0,0,0,0,0,0,0,4,0,0,1,0,0,0,0,122132,3,8,0,0,0,0,0,0,0,0,0,0,0,0,0,1,4,0,0
151,TCA,0,0,0,0,0,0,0,0,0,0,0,0,0,0,0,0,0,0,0,0,6,0,0,0,0,0,0,0,0,0,0,0,0,0,0,0,0,0,0,0,0,0,0,0,0,0,0,0,0,0,0,0,122100,0,37,0,0,0,0,0,2,0,0,0
152,TGC,0,0,0,0,0,0,0,0,0,0,0,0,0,0,0,0,0,0,0,0,0,0,0,0,0,7,0,0,0,0,0,0,0,0,0,0,0,0,0,0,0,0,0,0,0,0,0,0,0,23,0,0,0,0,0,0,2,121848,2,12,0,0,0,0
153,TCC,0,1,0,0,0,0,0,0,0,0,1,0,2,0,0,0,0,0,0,0,0,221,0,3,0,0,0,0,0,1,0,0,1,0,1,0,0,0,0,0,1,1,1,0,0,0,0,0,0,0,0,0,1,121126,0,5,0,0,0,0,0,2,1,0
154,CAT,2,1,0,1,0,0,0,0,0,0,0,0,0,2,0,0,0,6,2,121671,0,0,0,2,0,0,0,9,0,3,0,1,0,0,0,1,0,0,2,0,0,0,2,0,0,2,0,0,0,0,0,1,0,0,0,0,0,0,0,0,0,0,0,0
155,AGG,7,0,7,58,0,0,0,0,3,0,121816,1,1,0,5,0,0,0,0,0,0,0,0,0,0,0,1,0,0,0,0,0,1,2,0,0,0,0,0,1,0,0,34,0,0,0,0,0,0,0,0,3,0,0,0,0,0,0,0,0,0,0,1,0
156,GGA,10,0,0,0,0,0,0,0,4,0,0,0,0,0,0,0,0,0,0,1,0,0,0,0,0,0,0,0,0,0,0,0,11,0,0,0,0,0,0,0,121931,1,5,2,0,0,0,0,0,0,0,0,0,0,0,0,1,0,0,0,0,0,0,0
157,AAA,121936,0,2,0,0,1,0,0,93,0,0,0,0,0,0,0,0,0,0,0,0,0,0,0,0,0,0,0,0,0,0,1,1,0,0,0,0,0,0,0,0,0,0,0,2,0,0,0,0,0,0,0,1,0,0,0,0,0,0,0,0,0,0,0
158,AGC,0,15,0,0,0,0,0,0,2,121854,0,27,0,2,1,0,0,3,0,0,0,0,0,0,0,1,0,0,0,2,0,0,0,0,0,0,0,0,0,0,0,36,0,0,0,0,0,0,0,0,0,0,0,0,0,0,0,0,0,0,0,0,0,0
159,AGT,0,0,0,8,0,2,0,0,0,1,1,121856,0,0,0,0,0,0,0,0,0,0,0,0,0,0,0,4,0,0,0,0,0,1,0,0,0,0,0,0,0,0,0,5,0,0,0,0,0,0,0,0,0,0,1,0,0,0,0,0,0,0,0,0
160,TTT,0,0,0,0,0,0,0,0,0,0,0,0,0,0,0,0,0,0,0,0,0,0,0,0,0,0,0,0,0,0,0,4,0,0,0,0,0,0,0,0,0,0,0,0,0,0,0,0,0,0,0,0,0,0,0,3,0,0,0,0,1,1,0,121649
161,TAC,0,2,0,0,0,0,0,0,0,0,0,0,75,0,0,0,0,9,0,0,0,0,0,0,0,0,0,0,0,0,0,0,0,0,0,0,0,0,0,0,0,0,0,0,0,0,0,0,0,121727,0,55,0,0,0,0,0,0,0,0,0,4,0,0
162,AGA,2,0,0,0,0,0,0,0,121647,0,3,0,0,0,0,0,0,0,0,0,0,0,0,0,0,97,0,0,0,0,0,0,0,0,0,0,0,0,0,0,40,0,0,0,0,0,0,0,0,0,0,0,1,2,0,0,1,0,0,0,0,0,0,0
163,AAT,0,3,2,120967,0,0,0,0,0,0,0,2,0,0,0,3,0,0,0,2,0,0,0,0,0,0,0,0,0,0,0,0,0,0,0,0,0,0,0,0,0,0,0,0,0,0,0,0,0,0,0,0,0,0,0,0,0,0,0,0,0,0,0,0
164,TTG,0,0,0,0,0,0,0,0,0,0,0,0,0,0,0,11,0,0,0,0,0,0,0,0,0,0,0,0,0,0,20,0,0,0,0,0,0,0,0,0,0,0,0,0,0,0,0,0,0,0,0,0,0,0,7,0,0,0,0,0,11,0,121165,0
165,CTA,0,0,0,0,0,0,0,0,0,0,0,1,0,0,0,0,0,0,0,0,9,0,0,0,0,2,0,0,121968,0,9,0,0,0,0,0,0,0,0,0,0,0,0,0,0,0,0,0,0,0,0,0,0,0,0,0,0,0,0,0,19,0,0,0
166,TGG,0,0,0,0,0,0,0,0,0,0,0,0,0,0,0,0,0,0,0,0,0,0,0,0,0,0,5,0,0,0,0,0,0,0,0,0,0,0,0,0,0,0,0,0,0,0,0,0,0,0,10,0,0,0,0,0,10,0,121960,0,0,0,2,0
167,CTG,0,0,0,0,0,0,0,0,0,0,0,0,0,0,0,0,0,0,0,0,0,0,13,0,0,0,0,0,7,0,121807,1,0,0,0,0,0,0,0,0,0,0,0,0,0,0,1,0,0,0,0,0,0,0,0,0,0,0,0,0,0,0,24,0
168,ACG,0,0,0,0,32,0,121849,1,0,0,0,0,0,0,24,0,0,0,0,0,0,0,0,0,0,0,0,0,0,0,0,0,0,0,0,0,0,0,16,0,0,0,0,0,0,0,0,0,0,0,0,0,0,0,1,0,0,0,0,0,0,0,0,0
169,AAG,9,0,121584,1,0,0,0,0,0,0,5,0,0,0,4,0,0,0,2,0,0,0,0,0,0,396,0,0,0,1,0,0,0,0,11,0,0,0,0,0,0,0,0,0,0,0,0,0,0,0,1,0,0,0,0,1,0,0,0,0,0,0,0,0
170,AAG,5,1,121946,5,0,0,0,0,0,0,18,0,1,0,2,0,0,0,1,0,0,0,0,0,0,0,0,1,0,0,0,0,0,0,4,0,0,83,0,0,0,0,0,0,0,0,0,0,0,0,0,0,0,0,0,1,0,0,0,0,0,0,0,0
171,GGG,0,0,0,0,0,0,0,0,0,0,5,0,0,0,0,0,0,0,0,3,0,0,0,0,0,0,0,0,0,0,0,0,0,0,1,1,0,5,0,0,5,0,121850,0,0,0,93,0,0,0,0,0,0,0,0,0,0,0,3,0,0,0,0,0
172,GAT,0,0,0,11,0,0,0,0,0,0,0,0,0,0,0,0,0,0,0,0,0,1,0,0,0,0,0,0,0,2,0,0,0,2,8,121503,0,0,0,0,0,0,0,12,0,0,0,3,0,0,0,0,0,0,0,0,0,0,0,0,0,0,0,0
173,TCA,0,5,0,0,0,0,3,0,0,0,0,0,1,0,0,0,0,20,0,0,4,0,0,0,0,0,0,0,0,0,138,0,11,0,0,1,0,0,0,0,0,0,1,0,0,0,0,1,1,0,0,6,121450,12,17,4,0,0,0,0,8,39,0,0
174,TAC,0,0,0,0,0,0,0,0,0,0,0,0,0,0,0,0,0,22,0,0,0,0,0,0,0,0,0,0,0,0,0,0,0,0,0,0,0,0,0,0,0,0,0,0,0,0,0,0,0,121796,1,3,0,0,0,0,0,12,0,0,0,0,0,0
175,CCA,0,0,0,0,6,0,0,1,3,0,0,0,0,0,0,0,4,0,0,0,121773,9,9,1,0,0,0,0,1,0,0,0,0,0,0,0,0,0,1,0,0,1,0,0,0,0,0,0,0,0,0,0,3,0,0,2,0,0,0,0,0,0,0,0
176,AAG,58,0,121681,4,0,0,1,0,0,0,27,0,0,0,1,15,0,0,1,1,0,0,0,0,0,0,1,0,3,42,0,0,0,0,5,0,1,0,0,0,0,0,0,0,0,0,0,0,0,0,0,2,0,0,0,130,0,0,0,0,66,0,0,0
177,CTG,0,0,0,0,0,0,0,0,0,0,0,0,0,0,1,2,0,0,0,0,0,0,58,0,0,0,0,0,5,1,121953,32,0,0,0,0,1,0,0,0,0,0,0,0,0,0,0,28,0,0,0,0,0,0,0,0,0,2,0,0,2,0,8,0
178,ACC,0,2,0,0,0,121960,0,3,0,26,0,0,0,11,0,0,0,0,0,0,0,0,0,0,0,0,0,0,0,0,0,0,0,0,0,0,0,19,0,0,1,0,0,0,0,0,0,0,0,0,0,0,0,2,0,0,0,0,0,0,0,0,0,0
179,AAT,0,1,0,121768,0,233,0,0,0,0,0,2,0,0,0,1,0,0,0,2,0,0,0,0,0,0,1,0,0,0,5,0,0,0,0,8,0,0,0,0,0,0,0,0,0,0,0,0,0,0,0,0,0,0,0,0,0,0,0,0,0,0,0,0
180,TCC,0,0,0,0,1,0,0,0,0,0,0,0,0,0,0,0,0,0,0,0,0,5,0,0,1,0,0,0,0,1,0,0,0,3,0,0,0,0,0,0,2,0,0,0,46,0,15,0,0,3,0,0,0,121828,0,4,0,1,1,0,0,2,0,0
181,TAT,0,0,0,3,0,0,0,0,0,0,0,0,0,0,0,0,0,0,0,25,0,0,0,0,0,0,0,0,0,0,0,0,0,0,0,1,0,0,0,0,0,0,0,0,0,0,0,0,1,5,0,121802,0,0,0,0,0,0,0,2,0,0,0,0
182,GTG,0,0,0,0,0,1,83,0,0,0,0,0,0,0,2,0,0,0,0,0,0,0,0,0,0,0,0,0,0,0,0,0,0,0,0,0,0,0,2,0,0,0,0,0,5,1,121453,1,0,0,0,0,0,0,0,0,0,0,0,0,0,0,6,0
183,AAC,1,122045,0,2,0,1,0,0,0,3,0,0,0,0,0,0,0,0,0,0,0,0,0,0,0,0,0,0,0,0,0,0,0,11,0,0,0,0,0,0,0,0,0,0,0,0,0,0,0,0,0,0,0,0,0,0,0,0,0,0,0,0,0,0
184,AAT,0,9,0,121812,0,0,0,1,0,0,0,2,0,0,0,0,0,0,0,1,0,0,0,0,0,0,0,0,0,0,0,0,0,0,0,5,0,0,0,0,0,0,0,0,0,0,0,0,0,0,0,0,0,0,0,0,0,0,0,0,0,0,2,0
185,AAA,121925,4,13,3,1,0,0,0,13,0,0,0,0,0,0,0,0,0,0,0,0,0,0,0,0,4,0,0,0,0,0,0,19,0,0,0,0,0,0,0,0,0,0,0,0,0,0,0,0,0,0,0,0,0,0,0,0,0,0,0,1,0,0,0
186,GGG,0,0,0,0,0,0,0,0,0,0,5,42,0,0,0,0,0,0,0,0,0,0,0,0,0,0,0,0,0,0,0,0,0,0,9,0,0,0,0,0,165,2,121889,0,0,0,2,0,0,0,0,0,0,0,0,0,0,0,12,0,0,0,0,0
187,AAA,121943,6,10,2,0,0,0,0,5,0,0,0,0,0,0,0,48,0,0,0,0,0,0,0,0,0,0,0,0,0,0,1,11,0,0,0,0,0,0,0,0,0,0,0,0,0,0,0,0,0,0,0,0,0,0,0,0,0,0,1,0,0,0,0
188,GAA,0,0,0,0,0,0,0,0,0,0,0,0,0,0,0,0,0,0,0,0,0,0,0,0,0,0,0,0,0,0,0,0,122099,1,7,0,0,0,0,0,8,0,0,0,0,0,0,0,2,2,0,0,0,0,0,0,0,0,0,0,0,0,0,0
189,GTC,0,0,0,0,0,0,0,0,0,0,0,0,0,26,0,0,0,0,0,0,0,0,0,0,0,0,0,0,0,0,0,0,0,3,0,0,0,2,0,0,0,0,0,0,0,122068,1,0,0,0,0,0,0,0,0,0,0,0,0,0,0,0,0,0
190,CTT,0,0,0,0,0,0,0,0,0,0,0,0,0,0,0,0,0,0,0,4,0,0,0,23,0,0,0,0,1,8,3,121834,0,0,0,0,0,0,0,0,0,0,0,0,0,0,0,0,0,0,0,0,0,0,0,0,0,0,0,0,0,0,0,1
191,GTA,0,0,0,0,0,0,0,0,0,0,0,0,6,0,4,1,0,0,0,0,0,0,0,0,0,0,0,0,2,0,0,0,0,0,0,0,11,0,0,0,0,0,0,0,179009,1,6,1,0,0,0,0,0,0,0,0,0,0,0,0,6,0,1,0
192,CTA,0,0,0,0,0,0,0,0,0,0,0,0,0,2,0,0,0,0,0,0,11,0,0,0,1,0,0,0,179056,0,8,0,0,0,0,0,0,0,0,0,0,0,0,0,4,0,0,0,0,0,0,0,0,0,0,0,0,0,0,0,4,0,0,0
193,TGG,0,0,0,0,0,0,0,0,0,0,0,0,0,0,0,0,0,0,0,0,0,0,0,0,0,0,9,0,0,0,0,0,0,0,0,0,0,0,0,0,0,0,1,0,0,0,0,0,0,0,3,0,0,0,0,0,1,0,179026,4,0,0,3,0
194,GGT,0,0,0,0,0,0,0,0,0,0,0,4,0,0,0,0,0,0,0,0,0,0,0,0,0,0,0,0,0,0,0,0,0,0,0,9,0,0,0,0,0,2,3,178940,0,0,0,0,0,0,0,0,0,0,0,0,0,0,0,1,0,0,0,0
195,GTT,0,0,0,0,0,0,0,0,0,0,0,0,0,0,1,25,0,0,0,0,0,0,0,0,0,0,0,0,0,0,0,0,0,0,0,0,0,0,0,13,0,0,0,0,0,35,0,178480,0,0,0,0,0,0,0,0,0,0,0,0,0,0,0,4
196,CAT,0,0,0,4,0,0,0,0,0,0,0,0,0,0,0,0,0,22,0,178996,0,0,0,2,0,0,0,12,0,0,0,2,0,0,0,0,0,0,0,0,0,0,0,0,0,0,0,0,0,0,0,7,0,0,0,0,0,0,0,0,0,0,0,0
197,CAC,0,123,0,0,0,0,0,0,0,0,0,0,0,0,2,0,1,178857,0,9,0,1,0,0,0,4,0,0,0,0,0,0,0,0,0,0,0,0,0,0,0,0,0,0,0,0,0,0,0,6,0,2,0,0,0,0,0,0,0,0,0,0,0,0
198,CCG,0,0,0,0,0,0,1,0,0,0,0,0,0,0,0,0,0,0,4,0,108,1,178735,2,0,0,0,0,0,0,3,0,0,0,0,0,0,0,0,0,0,0,0,0,0,0,0,0,0,0,0,0,0,0,8,0,0,0,0,0,0,0,0,0
199,TCT,0,0,0,0,0,0,0,0,0,0,0,0,0,0,0,0,0,0,0,0,0,0,0,13,0,0,0,0,0,0,0,0,0,0,0,0,0,0,0,0,0,0,0,0,0,0,0,0,0,0,0,1,1,13,0,178957,0,0,0,0,0,0,0,0
200,AGC,0,7,0,0,0,0,1,0,0,178997,3,28,0,3,0,0,0,0,0,0,0,0,0,0,0,1,0,0,0,0,0,0,0,0,0,0,0,0,0,0,0,19,0,0,0,0,0,0,0,0,0,0,0,0,0,0,0,0,0,0,0,0,0,0
201,AGT,0,0,0,5,0,0,2,0,0,14,0,178987,0,0,0,3,0,0,0,0,0,0,0,0,0,0,0,2,0,0,0,0,0,0,2,0,0,0,0,0,0,0,0,22,0,0,0,0,0,0,0,0,0,0,0,0,0,0,0,1,0,0,0,0
202,GAT,0,0,0,10,0,0,0,0,0,0,0,0,0,0,0,0,0,0,0,1,0,0,0,0,0,0,0,0,0,0,0,0,1,7,0,178980,0,0,0,0,0,0,0,3,0,0,0,3,0,0,0,1,0,0,0,0,0,0,0,0,0,0,0,0
203,GAG,0,0,6,0,0,0,0,0,0,0,0,0,0,0,0,0,0,0,0,0,0,0,0,0,0,0,0,0,0,0,0,0,14,1,178881,1,0,0,0,0,0,0,28,0,0,0,1,0,0,0,1,0,0,0,0,0,0,0,0,0,0,0,0,0
204,CAA,1,0,0,0,0,0,0,0,0,0,0,0,0,0,0,0,178874,6,10,0,1,0,0,0,8,0,0,0,0,0,0,0,0,0,0,0,0,0,0,0,0,0,0,0,0,0,0,0,13,0,0,0,0,0,0,0,0,0,0,0,0,0,0,0
205,CAG,0,0,8,0,1,0,0,0,0,0,0,0,0,0,0,0,1,0,178810,6,0,0,1,0,0,0,43,0,0,0,1,0,0,70,1,0,0,0,0,0,0,0,0,0,0,0,0,0,0,0,3,0,0,0,0,0,0,0,0,0,0,0,0,0
206,AGT,0,0,0,7,0,0,1,0,0,8,0,178830,0,0,0,2,0,0,0,0,0,0,0,0,0,0,0,0,0,0,0,0,0,0,0,0,0,0,0,0,0,0,0,15,0,0,0,0,0,0,0,0,0,0,0,3,0,0,0,1,0,0,0,0
207,CTC,0,0,0,0,0,0,0,0,0,0,0,0,1,0,0,0,0,1,0,0,0,5,0,0,0,0,0,0,3,179001,0,1,0,0,0,0,0,0,0,0,0,0,0,0,0,0,0,1,0,0,0,0,0,0,0,0,0,0,0,0,0,4,0,0
208,TAT,0,0,0,58,0,0,0,0,0,0,0,0,0,0,0,0,0,0,0,15,0,0,0,0,0,0,0,0,0,0,0,0,0,0,0,0,0,0,0,0,0,0,0,0,0,0,0,0,0,14,0,178728,0,0,0,0,0,0,0,6,0,0,0,0
209,AGT,0,0,0,342,664,1,0,2,0,14,0,177890,0,0,0,0,0,0,0,0,0,0,0,0,0,0,0,1,0,0,7,0,0,0,0,0,0,0,0,0,0,0,0,8,3,0,0,0,0,0,0,0,0,0,0,0,0,0,0,0,0,0,0,0
210,AAT,0,10,2,178991,0,0,0,1,0,0,0,0,0,0,0,0,0,0,0,0,0,0,0,0,0,1,0,0,0,0,0,0,0,0,0,9,0,0,0,0,0,0,0,0,0,0,0,0,0,0,0,0,0,0,0,0,0,0,0,0,0,0,2,0
211,GGA,0,0,1,0,0,0,0,0,1,0,0,0,0,0,0,0,0,0,0,0,0,205,0,0,0,0,0,0,1,0,0,0,94,0,0,0,0,0,0,0,178668,1,8,1,0,0,0,0,0,0,0,0,0,0,0,0,3,0,0,0,0,1,0,0
212,AAT,1,2,0,178895,0,0,0,0,0,0,0,4,0,0,0,0,0,3,0,0,0,1,0,0,0,0,0,0,0,0,2,0,0,0,0,8,0,0,0,3,0,0,0,0,0,0,0,0,0,0,0,0,0,0,0,0,0,0,0,0,0,0,0,3
213,GCT,0,0,0,0,0,0,0,7,0,0,0,0,0,0,0,1,0,0,0,0,0,2,0,3,0,0,0,0,0,0,0,0,0,0,0,5,3,8,1,179013,0,1,0,0,0,0,0,0,0,0,0,0,0,0,0,2,0,0,0,0,0,0,0,0
214,TAT,0,0,0,0,0,0,0,0,0,0,0,0,0,0,0,0,0,0,0,30,0,0,0,0,0,0,0,0,0,0,1,0,0,0,0,1,0,0,0,0,0,0,0,0,0,0,0,0,2,3,1,178969,0,0,0,0,0,0,0,1,0,0,0,0
215,GTC,0,0,0,0,0,0,0,0,0,0,0,0,0,6,0,168,0,0,0,0,0,0,0,0,0,0,0,0,0,1,0,0,0,0,0,0,0,10,0,0,0,1,0,0,0,178834,0,1,0,0,0,0,0,0,0,0,0,0,0,0,0,0,0,0
216,TCT,0,0,0,0,0,0,0,24,0,0,0,0,0,0,0,0,0,0,0,0,0,0,0,8,0,0,0,0,0,0,0,0,0,0,0,0,0,0,0,0,0,0,0,0,0,0,0,0,0,0,0,1,1,23,0,178872,0,0,0,0,0,0,0,3
217,GTA,0,0,0,0,0,0,0,0,0,0,0,0,8,0,0,0,0,0,0,0,0,0,0,0,0,0,0,0,0,0,0,0,1,0,0,0,9,0,0,0,0,0,0,0,178981,0,12,1,0,0,0,0,0,0,0,0,0,0,0,0,0,0,0,0
218,GCG,0,0,0,0,0,21,7,0,0,0,0,427,0,0,1,0,0,0,0,0,0,0,0,0,0,0,0,0,0,0,0,0,0,0,2,0,12,1,178450,0,0,0,1,0,0,0,25,0,0,0,0,7,0,0,0,0,0,2,0,0,0,0,0,0
219,TCT,0,0,0,0,0,0,0,0,0,0,0,0,0,0,0,0,0,0,1,0,0,0,0,14,0,0,0,0,0,0,0,0,0,0,0,3,0,0,0,1,0,0,0,0,0,0,0,0,0,0,0,5,305,32,9,178583,0,0,0,0,0,0,0,8
220,TCA,0,0,0,0,2,0,0,0,6,0,1029,0,0,0,0,0,0,3,0,0,370,0,0,0,0,0,0,0,0,0,1,0,0,0,0,0,0,0,6,0,0,0,0,1,0,0,0,0,0,0,0,0,177239,2,10,2,2,0,1,0,3,0,218,0
221,AAT,2,2,2,178812,0,0,0,1,0,0,0,142,44,0,0,1,1,0,0,2,0,0,0,0,0,0,0,0,0,1,0,0,0,0,0,4,0,0,0,0,0,0,0,0,0,1,0,0,0,0,0,0,0,0,0,0,0,0,0,0,0,0,0,0
222,TAT,0,0,0,2,0,0,0,0,0,0,1,0,0,0,0,0,0,0,0,10,0,0,0,0,0,0,0,0,0,0,0,148,0,0,0,0,0,0,0,0,0,0,0,0,0,1,0,0,14,7,0,178835,0,0,0,8,0,0,0,7,0,0,2,0
223,AAC,5,178633,1,11,0,0,0,0,0,5,0,0,1,1,0,153,0,2,0,0,0,0,0,0,0,0,0,0,4,0,1,0,66,11,0,0,1,0,0,0,0,0,0,0,0,0,0,0,0,2,0,0,2,0,0,0,0,0,0,0,0,60,0,0
224,AGG,0,2,5,0,0,1,0,0,2,0,178700,0,0,0,3,0,1,257,0,0,0,0,0,0,0,2,2,0,0,0,0,0,0,0,0,0,2,0,0,0,0,0,21,0,2,0,0,0,0,0,0,0,0,0,1,0,0,0,1,0,0,0,0,0
225,AGA,6,0,0,0,0,0,0,0,178663,0,53,0,4,0,0,0,0,0,0,0,0,0,0,0,1,0,0,0,0,0,0,0,0,0,0,0,0,0,0,0,20,0,0,0,0,0,0,0,0,0,0,0,0,0,0,0,1,2,0,0,0,0,0,0
226,TTC,0,0,0,0,220,0,1,0,0,2,0,0,0,1,0,0,0,0,0,0,0,0,0,0,0,0,0,0,0,20,0,0,0,0,0,0,0,0,0,0,0,0,0,0,1,5,0,0,0,2,0,0,0,17,0,0,0,0,2,0,2,178723,0,7
227,ACC,0,5,0,1,0,178886,0,6,2,0,0,0,0,10,0,0,0,0,0,0,0,2,0,0,0,2,0,0,0,0,1,3,0,0,0,1,0,28,2,0,0,0,0,0,0,0,0,1,0,1,0,0,0,0,0,0,0,0,0,0,0,4,0,0
228,CCG,0,0,0,0,0,0,2,0,0,0,0,0,0,0,0,0,0,0,4,0,21,1,178946,2,0,0,32,0,0,0,9,0,0,0,0,0,1,3,1,0,3,0,0,0,0,0,0,1,0,0,0,0,0,0,3,0,0,0,0,0,0,0,0,0
229,GAA,3,0,0,0,0,0,1,0,0,0,0,0,0,0,0,0,0,0,0,0,0,0,0,0,0,0,0,0,0,0,0,0,178892,3,32,2,1,0,1,0,11,1,0,0,2,0,0,3,2,0,0,0,0,0,53,0,0,0,0,0,0,0,0,0
230,ATA,2,0,0,0,12,0,0,0,1,0,0,0,178776,0,19,2,1,0,0,0,0,0,0,0,0,0,0,0,0,0,0,0,0,0,0,0,0,0,0,0,0,0,0,0,3,3,0,0,0,1,0,0,0,0,1,0,0,0,0,0,2,0,241,0
231,GCT,0,0,0,0,0,1,0,11,0,0,1,1,0,0,1,2,2,6,0,0,0,0,0,0,0,0,2,0,7,0,0,0,0,0,0,3,0,16,1,178406,0,0,0,0,0,0,0,14,0,0,0,0,448,1,0,3,0,0,0,0,0,0,0,0
232,GCA,1,0,0,1,68,0,0,0,0,0,0,0,0,29,2,10,0,6,0,1,29,0,0,288,0,0,0,2,0,1,1,2,1,0,2,0,178317,2,41,0,2,0,0,0,6,5,0,84,0,0,0,5,3,0,0,24,0,0,0,0,3,1,0,0
233,AGG,0,0,187,0,0,0,0,0,41,1,178604,3,0,0,17,0,0,0,0,0,0,0,0,0,0,0,1,0,0,0,0,0,0,0,0,0,0,0,0,0,0,0,30,0,0,0,0,0,0,0,0,0,0,0,0,0,0,0,3,0,0,0,0,0
234,CCC,0,0,0,0,0,0,0,0,0,0,0,0,0,0,2,0,0,9,0,0,3,178933,0,0,0,0,0,0,0,7,0,0,0,0,0,0,0,6,0,1,0,0,0,0,0,0,0,0,0,0,0,0,0,4,0,0,0,0,0,0,0,0,0,0
235,AAA,178924,4,30,1,3,0,0,0,5,0,0,0,1,0,0,0,3,0,0,0,0,0,1,0,0,2,0,0,0,0,1,0,17,0,0,0,0,3,0,1,0,0,0,0,2,0,0,0,2,0,0,0,0,0,0,0,0,0,0,0,0,0,2,0
236,GTA,0,0,0,0,1,1,0,0,0,0,2,0,12,0,0,0,0,0,0,0,0,0,0,0,0,0,0,0,0,34,0,0,2,3,0,0,9,1,0,0,0,0,0,0,178904,0,14,0,7,0,0,2,0,0,0,0,0,0,0,0,1,1,0,0
237,AGA,4,0,0,0,0,0,0,0,178819,0,18,3,2,0,39,0,0,0,0,0,0,0,0,0,2,0,0,2,0,0,0,0,0,0,7,0,0,0,0,0,31,0,0,0,0,0,0,0,0,0,0,2,1,0,0,0,0,0,0,0,0,0,0,0
238,GAT,0,0,0,1,0,0,0,0,0,0,0,0,0,7,0,0,0,0,0,0,0,0,0,0,0,0,0,0,0,0,0,0,4,10,0,178807,0,0,0,0,0,0,0,4,0,0,0,1,0,0,0,1,0,0,0,0,0,0,0,0,0,0,0,0
239,CAA,3,0,0,0,0,0,0,0,0,0,0,1,0,0,0,0,178740,1,22,1,1,0,0,0,24,0,2,0,3,0,0,0,0,0,0,0,1,0,0,0,0,0,0,0,0,0,0,0,6,0,0,0,1,0,0,0,0,0,0,0,0,0,0,0
240,CAT,0,0,0,3,0,0,0,1,0,0,0,2,0,0,5,0,1,6,2,178445,0,0,1,0,0,0,0,3,0,0,0,2,0,0,0,1,0,0,0,0,0,0,0,0,0,0,600,0,0,0,0,5,0,0,0,0,0,0,0,0,0,0,0,0
241,GGG,0,0,0,0,0,0,0,0,0,0,4,0,0,0,0,0,0,0,0,0,0,0,0,0,0,0,0,0,0,0,0,0,0,0,12,0,0,0,0,0,3,0,179032,4,0,0,3,0,0,0,0,0,0,0,0,0,0,0,9,0,0,0,0,0
242,AGG,0,0,10,0,0,0,0,0,124,0,178871,0,0,0,2,0,0,0,0,0,0,0,0,0,0,2,22,0,0,0,0,0,0,0,0,0,0,0,0,0,0,0,30,0,0,0,0,0,0,0,0,0,0,0,0,0,0,0,1,0,0,0,0,0
243,ATG,0,0,0,0,0,0,13,0,0,0,0,0,3,0,179035,1,0,0,0,0,0,0,0,0,0,0,0,0,0,0,1,0,0,0,0,0,0,0,0,0,0,0,0,0,0,0,8,0,0,0,0,0,0,0,0,0,0,0,0,0,0,0,1,0
244,AAC,7,178694,1,313,0,0,0,0,0,6,14,0,0,1,0,0,1,0,0,0,0,0,0,0,1,0,0,0,0,0,0,0,0,11,0,2,0,0,0,0,0,0,1,0,0,0,0,0,0,0,0,0,0,0,0,2,0,0,0,0,3,0,0,3
245,TAT,0,0,0,1,0,0,0,0,0,0,0,0,0,0,0,0,0,0,0,12,0,0,0,0,0,0,0,0,0,0,0,0,0,0,0,2,0,0,0,0,0,0,0,0,0,0,0,0,1,1,0,178842,0,0,0,1,0,0,0,9,0,0,0,0
246,TAC,0,1,0,0,0,0,0,1,0,0,0,0,0,0,0,0,0,13,0,0,0,0,0,0,0,0,0,0,0,0,0,0,0,0,0,0,0,0,0,0,0,0,0,0,0,0,0,0,3,178749,0,2,0,0,0,0,0,7,0,0,0,0,0,0
247,TGG,0,0,0,0,0,0,0,0,0,0,1,0,0,0,0,0,0,0,0,0,0,0,0,0,0,0,25,0,0,0,0,0,0,0,0,0,0,0,0,0,0,0,2,0,0,0,0,0,0,0,5,0,0,0,0,0,7,0,178523,1,0,0,3,0
248,ACC,0,1,0,0,5,178099,2,123,0,0,0,0,0,4,0,0,0,1,0,0,0,0,0,0,0,0,0,0,0,0,0,0,0,0,0,0,0,8,0,0,0,0,0,0,0,157,0,0,0,0,0,0,0,3,0,0,0,0,0,0,0,0,0,0
249,TTG,0,0,0,0,0,0,0,0,0,0,0,0,0,0,1,0,0,0,0,0,0,0,0,0,0,0,0,0,0,0,7,0,0,0,0,0,0,0,0,0,0,0,0,0,1,0,1,0,0,2,0,0,0,0,22,0,0,0,0,0,151,0,178137,2
250,CTA,0,0,0,0,0,0,0,0,0,0,0,0,0,0,0,0,1,0,0,0,15,0,0,0,0,0,0,0,178570,0,14,10,0,0,0,0,0,0,0,0,0,0,0,0,0,0,0,0,0,0,0,0,0,1,0,0,0,0,0,0,106,0,0,0
251,GAA,3,1,0,0,0,0,0,0,0,1,0,0,0,0,0,0,0,0,0,1,0,0,0,0,0,0,0,0,0,0,0,0,178856,0,3,0,0,0,0,0,5,0,0,0,0,0,0,0,1,0,0,0,0,0,0,0,0,0,0,1,0,1,0,0
252,CCC,0,0,0,0,0,0,0,0,0,0,0,0,0,0,0,0,1,3,0,0,557,177757,2,5,0,0,0,0,0,7,0,0,0,0,0,0,0,0,0,0,0,0,0,0,0,0,0,0,0,0,0,0,0,6,0,0,0,0,0,0,0,0,0,0
253,GGA,0,0,0,0,27,0,0,0,280,0,0,0,0,0,0,0,0,0,0,0,0,0,0,0,19,0,0,0,0,0,0,0,0,0,0,0,0,0,1,0,178048,0,19,2,1,0,0,0,0,0,0,0,0,0,0,0,3,0,3,0,0,60,0,0
254,GAC,14,5,0,0,0,0,0,0,0,0,0,0,0,0,0,0,1,1,0,0,0,0,0,0,0,0,3,0,0,0,0,0,2,178714,5,5,0,0,0,0,0,7,129,0,0,0,0,0,0,6,0,0,0,0,0,0,0,0,0,0,0,0,0,0
255,ACA,3,0,310,0,178237,7,16,0,0,0,0,0,2,0,0,0,0,0,2,0,1,0,0,0,0,0,0,0,0,0,0,0,0,0,0,0,7,0,0,2,0,0,0,0,0,0,0,0,0,0,0,0,2,3,0,0,0,0,0,0,0,0,0,0
256,ATA,1,0,0,0,9,0,0,0,0,0,0,0,178789,1,8,6,0,0,0,0,0,0,0,0,0,0,0,0,4,0,0,0,0,0,0,0,0,0,0,0,0,0,0,0,6,0,0,0,0,0,0,0,0,0,0,0,0,0,0,0,3,0,0,0
257,ATA,1,2,0,0,20,0,0,189,2,0,0,0,178181,0,5,1,1,0,3,0,0,0,0,0,0,0,0,0,1,5,0,1,0,0,0,0,0,0,0,0,0,0,0,2,1,0,0,4,0,1,0,2,0,0,1,0,0,6,4,0,3,0,0,0
258,TTT,0,0,0,0,0,0,0,0,0,0,0,0,0,0,0,1,0,0,0,0,0,0,0,0,0,0,0,0,0,0,0,6,0,0,0,0,0,0,0,0,0,0,0,0,0,0,0,4,0,0,0,0,0,0,0,6,0,0,0,2,1,26,0,178020
259,GAG,0,0,36,0,0,0,0,0,0,0,0,0,0,0,0,0,0,2,0,0,0,0,0,0,0,0,0,0,0,0,0,0,4,2,178809,18,0,0,10,0,0,0,27,0,0,0,11,0,0,0,2,0,0,0,0,0,0,0,0,0,0,0,0,0
260,GCA,0,0,0,0,17,0,0,0,0,0,0,0,0,0,0,0,0,0,0,0,0,0,0,0,0,0,0,0,0,0,0,0,82,0,0,0,178518,1,15,0,0,0,0,0,11,0,0,0,0,0,0,0,1,0,0,0,0,0,0,0,0,0,0,0
261,ACT,0,0,0,4,6,19,0,178307,0,157,0,0,0,0,0,12,0,0,0,0,0,0,0,0,0,0,0,0,0,3,0,0,1,1,0,0,0,0,0,10,0,0,0,0,0,0,0,0,0,0,0,0,0,0,0,1,0,0,0,0,0,0,0,0
262,GGT,0,0,0,0,0,0,0,0,0,0,0,3,0,0,0,0,0,0,0,0,0,0,0,0,0,0,0,0,0,0,0,0,0,0,0,3,0,0,0,0,0,14,0,178681,0,0,0,2,0,0,0,0,0,0,0,0,0,0,0,2,0,0,0,0
263,AAT,0,3,1,178864,0,0,0,2,0,0,0,6,0,0,0,1,0,0,0,1,0,0,0,0,0,0,0,0,0,0,0,0,0,0,0,5,0,0,0,0,0,0,0,0,0,0,0,0,0,0,0,0,0,0,0,0,0,0,0,0,0,0,0,0
264,CTA,0,0,0,0,0,0,0,0,0,0,0,0,2,0,0,0,2,0,0,0,21,0,0,0,0,0,0,0,178471,0,24,1,0,0,0,0,0,0,0,0,0,0,0,0,0,0,0,0,0,0,0,0,0,0,0,0,0,0,0,0,2,0,0,0
265,ATA,0,0,0,0,8,0,0,0,0,0,0,0,178811,0,20,1,0,0,0,0,0,0,0,0,0,0,0,0,3,0,0,0,0,0,0,0,0,0,0,0,0,0,0,0,28,0,0,0,0,0,0,0,0,0,0,0,0,0,0,0,49,0,0,0
266,GCA,0,0,0,0,9,0,0,0,0,0,0,0,0,0,0,0,0,0,0,0,0,0,0,0,0,0,0,0,0,0,0,0,5,0,0,0,178802,0,11,1,0,0,0,0,6,0,0,0,0,0,0,0,0,0,0,0,0,0,0,0,0,0,0,0
267,CCA,0,0,0,0,0,0,0,0,0,0,0,0,0,0,0,0,5,0,0,0,177296,1381,3,3,0,0,0,0,3,0,0,0,0,0,2,0,0,0,0,0,0,0,0,0,0,0,0,0,0,0,0,0,2,0,0,0,0,0,0,0,0,0,0,0
268,TGG,0,0,0,0,0,0,0,0,0,0,0,0,0,0,0,0,1,0,0,0,0,0,0,0,0,0,1,0,0,0,0,0,0,0,0,0,0,0,0,0,0,0,1,0,0,0,0,0,0,0,2,0,0,0,0,0,4,1,178648,1,0,0,3,0
269,TAT,0,0,0,2,0,0,0,0,0,0,0,0,0,0,0,0,0,0,0,15,0,0,0,0,0,0,0,0,0,0,0,0,0,0,0,0,0,0,0,0,0,0,0,0,0,0,0,0,0,7,0,178845,0,0,0,0,0,0,0,5,0,0,0,1
270,GCT,0,0,0,0,0,1,0,26,0,0,0,0,0,0,0,0,0,0,0,0,0,0,0,0,0,0,0,0,0,0,0,0,0,0,0,1,37,17,184,178670,0,0,0,0,0,0,0,7,0,0,0,0,0,0,0,2,0,0,0,0,0,0,0,0
271,TTC,0,0,0,0,0,0,0,0,0,0,0,0,0,1,2,0,0,1,0,0,0,0,0,0,0,0,0,0,0,1,1,0,0,0,0,0,0,0,0,0,0,0,0,0,0,11,0,0,0,1,0,0,0,12,0,0,0,0,0,0,4,178567,0,10
272,GCA,0,0,0,0,73,0,0,1,0,0,0,0,0,0,0,0,0,0,0,0,0,0,0,0,0,0,0,0,1,0,0,0,2,0,0,0,178690,0,6,0,0,0,0,0,16,0,0,0,0,0,0,0,0,0,0,0,0,0,0,0,0,0,0,0
273,CTG,0,0,0,2,0,0,0,0,0,0,0,0,79,0,3,0,0,0,3,0,0,0,61,0,0,0,1,0,7,0,178587,2,0,0,0,0,0,1,0,0,0,0,0,0,0,0,1,0,0,0,0,0,0,0,0,0,0,0,0,0,0,0,8,0
274,AGT,0,0,0,5,0,0,0,0,2,7,0,178928,0,3,0,1,0,0,0,0,2,0,0,0,0,0,0,0,0,0,0,0,0,0,0,0,0,0,0,0,0,0,0,8,0,54,0,0,0,0,0,0,1,0,0,0,0,14,0,2,0,0,0,0
275,AGA,6,0,0,0,0,0,1,0,178936,1,18,1,1,0,0,0,0,0,0,0,0,0,0,0,0,0,0,0,0,0,0,0,0,0,0,0,0,0,0,0,9,0,0,0,0,0,0,0,0,0,0,0,0,0,0,0,0,0,0,0,0,0,1,0
276,GGG,0,0,0,0,0,0,0,0,0,1,5,0,0,0,0,0,0,0,0,1,0,0,0,0,0,0,0,0,0,0,0,0,0,0,6,0,0,0,2,0,5,452,178426,1,0,0,0,0,0,0,0,0,0,4,0,0,0,1,31,0,0,0,0,0
277,TTT,22,0,0,24,0,0,0,0,1,0,0,0,0,0,0,0,1,0,0,0,0,0,1,0,0,0,0,0,0,0,0,11,2,0,0,0,0,0,0,0,0,0,0,0,2,0,0,0,0,0,0,0,0,0,0,10,0,0,0,1,0,232,0,177752
278,GAG,0,0,2,0,0,0,1,0,0,0,0,0,0,0,0,0,0,0,1,2,0,32,0,0,0,0,0,0,3,0,0,1,11,57,178682,23,0,0,2,0,0,0,31,0,0,0,2,0,0,0,1,0,0,0,1,89,0,0,1,4,0,2,0,0
279,TCC,0,0,0,0,0,0,0,0,0,0,0,0,0,0,0,0,0,0,1,0,0,3,0,0,0,0,0,0,0,0,0,0,0,0,0,0,0,0,0,0,0,0,0,0,0,0,0,0,0,1,0,0,7,178569,4,18,0,0,0,0,0,4,0,0
280,GGC,0,0,0,0,0,0,0,0,0,39,0,1,0,0,0,0,0,0,0,0,0,0,0,0,0,2,0,0,0,0,0,0,0,28,0,0,0,0,0,0,3,178558,1,19,0,3,0,0,0,0,0,0,0,0,0,0,0,3,0,0,0,0,0,0
281,ATC,0,1,0,0,0,3,0,0,0,3,0,0,1,178847,0,8,0,0,0,0,0,0,0,0,0,0,0,0,0,1,1,0,0,0,0,0,0,0,0,0,0,0,0,0,0,5,0,0,0,0,0,0,0,0,0,0,0,0,0,0,0,0,0,1
282,ATC,0,1,0,0,0,17,0,0,0,0,0,0,0,178549,0,9,0,0,0,0,0,0,0,0,0,0,0,0,0,0,0,0,0,0,0,0,0,0,0,0,0,0,0,0,0,16,0,0,0,0,0,0,0,0,0,0,0,0,0,0,244,1,0,0
283,ACC,0,4,0,0,339,178356,0,5,0,1,0,1,0,10,0,0,1,0,172,2,0,1,0,0,0,0,0,0,1,0,0,0,0,0,0,0,0,8,1,0,0,0,0,0,0,0,1,0,0,0,0,0,0,1,0,0,0,0,1,1,2,0,2,0
284,TCA,0,0,0,0,2,0,1,0,0,1,0,0,0,0,0,0,0,0,0,0,34,0,0,0,0,0,0,0,0,0,0,0,0,0,0,0,1,0,0,0,0,0,0,0,0,0,0,0,3,0,0,0,178741,1,23,1,0,0,0,0,2,0,0,0
285,AAC,2,178527,1,13,0,2,0,0,0,14,0,0,0,1,0,0,0,0,0,0,0,0,0,0,0,0,0,0,0,0,0,0,1,8,2,0,0,2,0,0,0,0,0,0,1,0,2,0,0,0,0,0,0,1,2,0,0,0,0,0,0,0,0,1
286,GCG,0,0,0,0,0,0,5,0,1,0,0,0,0,0,0,0,1,0,0,2,0,0,1,0,0,0,0,0,0,4,0,0,0,0,1,0,19,7,145144,0,0,0,0,0,8,0,6,0,0,0,0,0,0,0,5,0,0,0,0,0,0,0,0,0
287,TCA,0,0,0,0,1,0,0,1,0,1,1,0,0,0,0,0,0,0,0,0,97,1,0,0,0,0,0,0,0,0,0,0,0,0,0,0,1,0,0,0,0,4,0,0,0,0,0,0,2,0,0,0,145190,0,11,0,0,0,0,0,1,0,0,0
288,ATG,0,0,0,0,0,0,4,0,0,0,1,0,146,0,145155,0,0,0,0,1,0,0,0,2,0,0,0,0,0,0,1,0,0,0,0,0,0,0,0,27,0,0,0,0,0,0,2,0,0,0,0,0,0,0,0,0,0,0,0,0,0,0,0,0
289,CAT,0,0,0,1,2,0,2,0,0,0,0,42,123,0,0,0,2,8,0,144190,0,0,0,0,0,0,0,4,0,0,0,0,0,148,0,0,0,0,118,0,0,0,72,0,0,0,0,0,0,0,0,620,3,0,0,0,0,0,0,0,0,0,0,0
290,GAG,0,0,2,0,0,0,0,0,0,0,0,0,0,0,0,0,0,0,0,0,0,0,0,0,0,0,0,0,2,0,0,0,3,1,145320,1,0,0,2,0,0,0,19,0,0,0,1,0,0,0,0,0,0,0,0,1,0,0,0,0,0,0,0,0
291,TGT,0,0,0,0,0,0,0,0,0,0,0,1,0,0,0,0,0,0,0,0,0,0,0,0,0,0,0,1,0,0,0,0,0,0,0,0,0,0,0,0,0,0,0,0,0,0,0,0,0,0,0,24,0,0,0,0,0,130,0,145198,0,0,0,0
292,AAC,1,145052,0,3,34,0,0,0,0,17,0,0,0,0,0,0,1,4,0,0,0,0,0,0,0,0,0,0,0,0,0,0,0,35,0,0,0,0,0,0,0,0,0,0,0,0,0,0,0,0,0,0,0,2,0,0,0,0,0,0,0,0,0,0
293,ACG,0,0,5,0,8,0,145312,3,0,0,0,0,0,0,10,0,0,0,0,0,0,0,2,0,0,0,0,0,0,0,0,0,0,0,0,0,0,0,5,0,0,0,0,0,0,0,0,0,0,0,0,0,0,0,3,2,0,0,0,0,0,0,0,0
294,AAG,5,0,142309,4,1153,247,0,580,0,0,11,0,0,0,1,0,0,0,2,0,0,0,0,0,0,0,1,109,144,0,0,0,0,0,10,0,3,0,0,0,0,0,0,0,2,0,0,0,0,0,0,0,117,308,90,156,0,0,0,0,0,3,0,2
295,TGT,0,0,0,0,0,0,0,0,0,0,0,0,0,0,0,0,0,0,0,0,0,0,0,0,0,0,0,6,0,0,0,0,0,0,0,0,0,0,0,0,0,0,0,0,0,0,0,0,0,0,0,8,0,0,0,0,0,127,0,145205,0,0,0,2
296,CAA,3,0,0,0,0,0,0,0,0,0,0,0,0,0,0,0,144969,0,272,0,1,0,0,0,33,0,0,0,1,0,0,0,0,0,0,0,0,0,0,0,0,0,0,0,0,0,0,0,4,0,0,0,0,0,0,0,0,0,0,0,0,0,0,0
297,ACA,1,0,0,0,145337,1,0,0,1,0,0,0,3,0,0,0,0,0,0,0,5,0,0,0,0,0,0,0,0,0,0,0,0,0,0,0,7,0,0,0,0,0,0,0,0,0,0,0,0,0,0,0,0,0,0,0,0,0,0,0,0,0,0,0
298,CCC,0,0,0,0,0,1,0,0,0,0,0,0,0,0,0,0,0,0,0,0,1,145268,0,4,0,0,0,0,0,0,0,0,0,0,0,0,0,1,0,0,0,0,0,0,0,0,0,0,0,0,0,0,0,2,0,0,0,0,0,0,0,0,0,0
299,CAG,0,0,0,0,0,0,0,0,0,0,0,0,0,0,0,0,1,3,145267,11,1,0,0,0,0,0,34,0,1,0,0,3,0,0,0,0,0,0,0,0,0,0,0,0,0,0,0,0,0,1,4,6,0,0,0,0,0,0,0,0,0,0,0,0
300,GGA,0,0,0,0,0,0,0,0,3,0,0,0,0,0,0,0,0,0,0,0,0,0,0,0,0,0,0,0,0,0,0,0,3,0,0,0,0,0,0,0,145266,2,9,0,2,0,0,0,0,0,0,0,0,0,0,0,1,0,0,0,0,0,0,0
301,GCT,0,0,0,0,0,0,0,12,0,0,0,0,0,0,0,0,0,0,0,0,0,0,0,0,0,0,0,0,0,0,0,0,0,1,0,2,1,18,0,145203,0,0,0,0,0,0,1,7,0,0,0,0,0,0,0,8,0,0,0,0,0,0,0,0
302,ATA,0,0,0,0,0,0,0,0,2,0,0,0,145255,0,7,0,0,0,0,0,0,0,0,0,0,0,0,0,0,0,0,0,0,0,0,0,0,0,0,0,0,0,0,0,6,0,0,0,0,0,0,0,0,0,0,0,0,0,0,0,2,0,0,0
303,AAC,1,145196,0,14,35,1,0,0,1,7,0,0,0,0,1,0,0,1,0,0,0,0,1,0,0,0,0,0,0,0,1,0,0,2,2,0,0,2,0,0,0,0,0,0,0,20,0,0,0,0,0,0,0,0,0,0,0,0,0,0,0,0,1,1
304,AGC,0,12,0,0,0,0,1,0,2,145250,0,30,0,4,0,0,0,0,0,0,0,0,0,0,0,0,0,0,0,0,0,0,0,0,0,0,0,0,0,0,0,16,0,0,0,0,0,0,0,0,0,0,0,0,0,0,0,3,0,0,0,0,0,0
305,AAT,0,6,0,145198,0,0,0,0,0,0,0,4,0,0,0,0,0,0,0,2,0,0,0,0,0,0,0,1,0,0,0,0,0,0,0,6,0,0,0,0,0,0,0,0,0,0,0,0,0,0,0,0,0,0,0,96,0,0,0,0,0,0,0,0
306,CTC,167,0,124,0,0,0,0,0,86,0,4,0,0,4,0,0,0,1,0,0,0,19,0,0,3,882,54,280,0,143574,1,2,0,0,0,0,1,0,0,0,0,0,0,0,0,0,0,0,0,0,0,0,0,0,62,0,0,0,0,0,0,4,0,0
307,CCT,0,0,0,0,0,0,0,1,0,0,0,0,0,0,0,0,0,0,0,7,1,14,1,145312,0,0,0,0,0,0,0,4,0,0,0,0,0,0,0,0,0,0,0,0,0,0,0,0,0,0,0,0,0,0,0,3,0,0,0,0,0,0,0,0
308,TTC,0,0,0,0,0,0,0,0,0,0,0,0,0,0,0,3,0,0,0,0,0,0,0,0,0,0,0,0,0,6,0,0,0,0,0,0,0,0,0,0,0,0,0,0,0,1,0,0,0,1,0,0,0,8,0,0,1,0,0,0,0,145339,0,5
309,CAG,0,0,0,0,0,0,0,0,0,0,0,0,0,0,0,0,1,0,145243,5,0,0,5,0,0,0,45,0,0,0,1,0,0,0,0,0,0,0,0,0,0,0,0,0,0,0,0,0,0,0,6,0,0,0,0,0,0,0,0,0,0,0,0,0
310,AAT,3,11,0,145299,0,0,0,0,0,0,0,6,0,0,0,0,0,0,0,0,0,0,0,0,0,0,0,0,0,0,0,0,0,0,0,30,0,0,0,0,0,0,0,0,0,0,0,0,0,0,0,0,0,0,0,0,0,0,0,0,0,0,0,0
311,ATA,0,0,0,0,8,0,0,0,0,0,0,0,145227,0,12,33,0,0,0,0,0,0,0,0,0,0,0,0,1,0,0,0,0,0,0,0,0,0,0,0,0,0,0,0,4,0,0,0,0,0,0,0,0,0,0,0,0,0,0,0,0,0,0,0
312,CAC,0,5,0,0,44,0,0,0,0,1,0,0,0,0,0,0,0,144675,0,5,0,2,0,0,0,6,0,0,0,0,0,0,0,0,0,266,0,0,0,0,0,0,0,269,0,0,0,0,0,21,0,0,0,0,0,0,0,1,0,0,0,0,0,0
313,CCA,0,0,0,0,4,0,0,0,0,123,0,0,0,0,0,0,0,0,0,0,145073,1,16,5,0,0,1,0,5,0,0,0,0,0,0,0,0,0,0,0,0,0,0,0,0,0,0,0,0,0,0,0,9,0,0,0,0,0,0,0,0,0,0,0
314,GTC,0,0,0,0,0,0,0,0,0,13,0,0,17,11,0,0,0,0,0,138,0,0,0,0,0,346,0,0,0,1,0,0,0,1,0,179,0,9,0,0,0,0,0,0,1,144571,0,1,0,0,0,0,0,0,0,0,0,0,0,0,0,4,0,2
315,ACA,3,0,0,0,145150,1,14,1,0,0,0,1,4,0,0,0,0,0,0,0,1,0,0,0,0,0,0,0,0,0,0,0,0,0,0,0,62,2,0,5,0,0,0,0,0,0,0,0,0,0,0,0,1,0,0,0,0,0,0,0,0,0,0,0
316,ATA,0,0,0,0,4,0,0,0,0,0,0,0,145176,2,23,0,0,0,0,0,0,0,0,0,0,0,0,0,0,0,0,0,0,0,0,0,0,0,0,0,0,0,0,0,2,0,0,0,0,0,0,0,0,0,0,0,0,0,0,0,0,0,0,0
317,GGA,0,0,0,0,0,0,0,0,3,0,0,0,0,0,0,0,0,0,0,0,0,0,0,0,0,0,0,0,0,0,0,0,1,0,0,0,0,0,0,0,145218,2,35,3,0,0,0,0,0,0,0,0,0,0,0,0,5,0,0,0,0,0,0,0
318,GAG,1,1,5,0,0,0,0,2,0,0,0,1,0,0,0,0,13,1,2,0,0,0,0,0,0,0,0,24,0,0,0,0,32,0,145069,0,0,0,0,0,0,0,9,0,0,0,2,0,0,0,1,0,1,146,0,3,0,0,0,0,0,0,0,0
319,TGC,0,0,0,0,0,0,0,0,0,0,0,0,0,0,0,0,0,0,0,0,0,0,0,0,0,3,0,0,0,0,0,0,0,0,0,0,0,0,0,0,0,0,0,0,0,0,0,0,0,38,0,0,0,0,0,0,1,145205,0,16,0,15,0,0
320,CCA,0,0,0,0,2,0,0,0,0,0,0,0,0,0,0,0,0,0,0,0,145035,7,17,1,0,0,0,0,219,0,0,0,0,0,0,0,0,0,0,0,0,0,0,0,0,0,0,0,0,0,0,0,6,0,0,0,0,0,0,0,0,0,0,0
321,AAA,145103,0,3,0,4,0,0,0,6,0,129,0,3,0,0,0,1,0,30,0,0,0,0,0,1,0,0,0,0,0,0,0,3,0,0,0,0,0,0,0,0,0,0,0,0,0,0,0,0,0,0,0,0,1,0,0,0,0,0,0,0,0,0,0
322,TAT,1,0,0,0,0,0,0,0,0,0,0,0,0,0,0,0,0,0,0,10,0,0,0,0,0,0,0,0,0,0,0,0,0,0,0,1,0,0,0,0,0,0,0,0,0,0,0,0,1,6,0,145258,0,0,0,0,0,0,0,22,0,0,0,1
323,GTC,0,0,0,0,0,0,0,0,0,0,0,0,0,51,0,0,0,0,0,0,0,0,0,0,0,0,0,0,0,0,0,0,0,0,0,0,0,5,0,0,0,0,0,0,0,145201,0,16,0,0,0,0,0,0,0,0,0,0,0,0,0,23,0,0
324,AGG,0,0,6,0,0,0,0,0,8,0,145107,0,0,0,2,0,0,0,0,0,0,0,0,0,0,1,4,4,0,0,0,0,0,0,0,0,0,0,0,1,0,0,43,0,0,0,0,0,81,0,0,0,0,0,0,0,0,0,0,0,0,0,0,0
325,AGT,0,0,0,15,0,0,0,0,0,5,0,145239,0,0,0,2,0,0,0,0,0,0,0,0,0,0,0,4,0,1,1,0,0,0,0,0,0,0,0,0,0,0,0,10,0,0,0,0,0,0,0,0,1,0,1,0,0,0,0,0,0,0,0,0
326,ACC,0,261,0,0,2,145028,0,3,0,0,0,0,0,0,0,0,0,0,0,4,0,0,0,0,0,0,0,0,0,1,0,0,0,0,0,0,0,19,0,0,0,1,0,0,0,0,0,0,0,0,0,0,0,1,0,1,0,0,0,0,0,0,0,0
327,AAA,145180,2,3,0,0,0,0,0,8,0,0,0,0,0,0,0,2,0,0,0,0,0,0,0,0,0,0,0,0,0,0,0,14,0,0,0,0,0,0,0,0,0,0,0,0,0,0,0,0,0,0,0,0,0,0,0,0,0,0,0,0,0,0,0
328,TTG,0,0,0,0,0,0,0,0,0,0,0,0,0,0,1,0,0,0,0,0,0,0,0,0,0,0,0,0,0,29,1,2,0,0,0,0,0,0,0,0,0,1,0,0,0,0,0,0,0,0,0,0,0,0,10,0,0,0,0,0,2,1,145205,1
329,AGG,0,0,4,0,0,0,1,0,5,0,145205,0,0,0,15,0,0,0,0,0,0,0,0,0,0,0,6,0,0,0,0,0,0,0,0,0,0,0,0,0,0,0,30,0,0,0,0,0,0,0,0,0,0,0,0,0,0,0,3,0,0,0,0,0
330,ATG,0,0,0,0,0,0,10,0,0,0,0,0,6,0,144990,2,0,0,0,0,0,0,0,0,0,0,0,0,0,0,0,0,0,0,0,0,0,0,0,0,0,0,0,0,0,0,11,0,0,0,0,0,0,0,0,0,0,0,0,0,0,0,0,0
331,GTT,0,0,0,0,0,0,0,0,0,0,0,0,0,0,0,35,0,0,0,0,0,0,0,0,0,0,0,0,0,0,0,0,0,0,0,0,0,0,0,2,0,0,0,2,0,9,0,145225,0,0,0,0,0,0,0,0,0,0,0,0,0,0,0,2
332,ACA,2,0,0,0,145161,5,47,11,0,0,0,0,18,0,0,0,0,0,0,0,0,0,0,0,0,0,0,0,0,0,0,0,0,0,3,0,9,0,0,0,0,0,0,0,0,0,0,0,0,0,0,0,0,0,0,0,0,0,0,0,0,0,0,0
333,GGA,0,0,0,0,0,0,0,0,3,0,0,0,0,0,0,0,0,0,0,0,0,0,0,0,0,0,0,0,0,0,0,0,5,1,0,0,0,0,0,0,144697,0,518,0,0,0,0,0,0,0,0,0,0,0,0,0,12,0,0,0,0,0,0,0
334,CTA,0,0,0,1,0,0,0,0,0,0,0,0,3,0,0,0,0,0,0,0,8,2,1,0,0,0,0,0,145244,0,7,0,0,0,0,0,0,0,0,0,0,0,0,0,0,0,0,0,1,0,0,0,0,0,0,0,0,0,0,0,2,0,0,0
335,AGA,4,0,0,0,0,0,0,0,145170,0,5,0,3,0,0,0,0,0,0,0,0,0,0,0,0,0,0,0,0,0,0,0,1,0,0,0,0,0,0,0,3,0,0,0,0,0,0,0,0,0,0,0,0,0,0,0,1,0,0,0,0,0,0,0
336,AAC,2,145331,0,4,0,0,0,0,0,6,0,0,0,0,0,0,0,5,0,0,0,0,0,0,0,0,0,0,0,0,0,0,0,5,0,0,0,0,0,0,0,0,0,0,0,0,0,0,0,0,0,0,0,0,0,0,0,0,0,0,0,0,0,0
337,ATC,0,526,2,0,0,6,0,0,0,1,0,4,2,144027,185,4,140,0,0,0,0,0,0,0,0,443,0,0,0,1,0,0,0,0,0,0,0,0,0,0,0,0,0,0,0,2,0,0,0,0,0,0,0,0,0,0,0,0,0,0,0,0,0,0
338,CCA,0,0,0,0,4,0,0,0,0,0,0,0,0,0,0,0,118,1,0,0,145205,3,2,0,0,0,0,0,3,0,0,0,0,0,0,0,0,0,2,0,2,0,0,0,0,0,0,0,0,0,0,0,6,0,0,0,0,5,0,0,0,0,0,0
339,TCC,0,0,0,2,0,3,0,76,13,0,0,0,47,0,0,0,9,0,0,0,0,9,0,1,0,0,0,0,0,0,0,0,0,0,0,0,13,15,0,0,0,0,0,0,1,0,1,0,0,1,0,0,8,145130,0,7,0,0,0,0,0,7,1,0
340,ATT,0,0,0,0,0,0,0,3,1,0,0,1,1,2,0,145336,0,0,0,0,0,0,0,0,1,0,0,0,0,0,0,0,0,0,0,0,0,0,0,0,0,0,0,0,0,0,0,4,0,0,0,0,0,0,0,0,0,0,0,0,0,0,0,0
341,CAA,1,0,0,0,0,0,0,0,0,1,0,0,0,0,0,0,145305,0,10,0,0,0,0,0,9,0,0,0,0,0,0,0,0,0,0,0,0,0,0,0,0,0,0,0,0,0,0,0,3,0,0,0,0,0,0,0,0,0,0,0,0,0,0,0
342,TAC,0,0,0,0,0,0,0,0,0,0,0,0,0,0,0,0,0,69,0,0,0,0,2,0,0,0,0,1,0,0,0,0,0,0,0,0,0,0,0,0,0,0,0,0,0,0,0,0,0,144428,1,35,0,1,0,0,0,9,0,0,0,0,0,0
343,AGA,2,0,0,0,1,0,0,0,144568,1,24,3,3,0,0,0,0,0,11,0,0,0,0,0,0,0,0,0,0,0,0,0,0,0,0,0,0,0,0,0,6,0,0,0,0,0,0,0,0,0,0,0,0,0,0,0,2,0,0,0,0,0,0,0
344,GGT,0,0,0,0,0,0,0,0,0,0,11,2,0,0,0,0,0,0,0,0,0,0,0,0,0,0,0,0,0,0,0,0,0,0,0,0,0,0,0,0,0,8,1,144471,0,0,0,2,0,0,0,0,0,0,0,0,0,0,0,0,0,0,0,0
345,CTA,0,0,0,0,0,0,0,0,0,0,0,0,0,0,0,0,0,0,0,0,8,0,0,0,0,0,0,0,144584,1,7,2,0,0,0,0,0,0,0,0,0,0,0,0,1,0,0,0,0,0,0,0,0,0,0,11,0,0,0,0,3,0,0,0
346,TTT,0,0,0,0,0,0,0,0,0,0,0,0,0,0,0,11,0,0,0,0,0,0,0,0,0,0,0,0,0,0,0,1,0,0,0,0,0,0,0,0,0,0,0,0,0,0,0,1,0,0,0,0,0,0,0,3,0,0,0,0,0,13,0,144677
347,GGA,0,0,0,0,0,0,0,0,2,0,0,0,0,0,0,0,0,0,0,0,0,0,0,0,0,0,0,0,1,1,0,0,2,0,0,0,0,0,0,0,144459,1,24,1,3,0,0,0,0,0,0,0,0,3,0,0,1,0,0,0,0,0,0,0
348,GCC,0,0,0,0,0,3,0,0,0,0,0,0,0,0,0,0,0,0,0,0,0,1,0,0,0,0,0,0,0,0,0,0,0,1,0,0,124,143318,2,0,0,3,0,0,0,31,0,0,0,0,0,0,0,2,0,0,0,0,0,0,0,0,0,0
349,ATT,0,0,0,0,0,0,0,4,0,0,0,0,2,18,1,144776,0,0,0,0,0,0,0,0,0,0,0,0,0,0,0,0,0,0,0,0,0,0,0,0,0,0,0,0,3,0,0,6,0,0,0,0,0,0,0,0,0,0,0,0,0,0,0,3
350,GCT,0,0,0,0,0,0,0,34,0,0,0,0,0,0,0,0,0,0,0,0,0,0,0,0,0,0,0,0,0,0,0,0,0,0,0,2,2,10,0,145027,0,0,0,0,0,0,0,4,0,0,0,0,0,1,0,3,0,0,0,0,0,0,0,0
351,GGT,0,0,0,0,0,0,0,0,0,0,0,3,0,0,0,0,0,0,0,0,0,0,0,0,0,0,0,0,0,0,0,0,0,0,0,7,0,0,0,0,0,5,3,145132,0,0,0,2,0,0,0,0,0,0,0,0,0,0,0,0,0,0,0,0
352,TTT,0,0,0,0,0,0,0,0,0,0,0,0,0,0,0,0,0,0,0,0,0,0,0,0,0,0,0,0,0,0,0,5,0,0,0,0,0,0,0,0,0,0,0,0,0,0,0,0,0,0,0,0,0,0,0,1,0,0,0,0,1,19,0,144704
353,ATT,0,0,0,3,0,0,0,2,0,0,0,1,3,16,1,144803,0,0,0,0,0,0,0,0,0,0,0,0,0,0,0,0,0,0,0,0,0,0,0,0,0,0,0,0,2,1,0,13,0,0,0,0,0,0,0,0,0,0,0,0,0,0,0,1
354,GAG,0,0,2,0,0,0,0,0,0,0,0,0,0,0,0,0,0,0,0,0,0,0,0,0,0,0,0,0,0,0,0,0,232,0,144770,15,0,0,0,0,0,0,19,0,0,0,4,0,0,0,3,0,0,0,0,0,0,0,0,0,0,0,0,0
355,GGG,0,0,0,0,0,0,0,0,0,0,2,0,0,0,0,0,0,0,0,0,0,0,0,0,0,0,1,0,0,0,0,0,0,0,4,0,0,0,0,0,2,2,144884,2,0,0,0,0,1,0,0,0,0,0,0,0,0,0,0,0,0,0,0,0
356,GGA,0,0,0,0,0,0,0,0,8,0,0,0,0,0,0,0,0,0,0,0,0,0,0,0,0,0,0,0,0,0,0,0,10,0,0,0,0,0,0,0,144449,2,216,0,2,0,0,0,0,0,0,0,0,0,0,0,0,0,0,0,0,0,0,0
357,TGG,0,0,0,0,0,0,0,0,0,0,2,0,0,0,0,0,0,0,0,0,0,0,0,0,0,0,6,0,0,0,0,0,0,0,0,0,0,0,0,0,0,0,0,0,0,0,0,0,0,0,17,0,0,0,0,0,9,0,144993,0,0,0,5,0
358,ACT,0,0,0,3,6,14,0,144230,0,1,0,0,0,0,0,12,0,0,0,0,0,1,0,0,0,0,0,0,0,0,0,0,0,0,0,103,0,0,0,14,0,0,0,0,0,0,0,0,0,0,0,1,0,0,0,1,0,0,0,0,0,0,0,0
359,GGA,0,0,0,0,0,0,0,0,7,0,0,0,0,0,0,0,0,0,0,0,0,0,0,0,0,0,0,0,0,0,0,0,5,0,0,0,0,0,370,0,144730,0,5,2,3,0,0,0,0,0,0,0,0,0,0,0,1,0,0,0,0,0,0,0
360,ATG,0,0,3,0,0,0,9,0,0,0,0,0,6,0,144955,0,0,0,0,0,0,0,0,0,0,0,0,0,0,0,0,4,0,0,0,0,0,0,0,0,0,0,0,0,0,0,6,0,0,0,0,0,0,0,0,0,0,0,0,0,0,0,6,0
361,ATA,28,0,3,0,4,0,0,0,0,0,0,0,144787,9,32,0,1,0,59,0,0,0,0,0,0,0,0,0,0,0,0,0,0,0,0,0,0,0,0,0,0,0,0,0,12,0,0,0,0,0,0,0,0,0,0,0,0,0,0,0,0,0,0,0
362,GAT,0,0,0,3,0,0,0,0,0,0,0,0,0,0,0,0,0,0,0,0,0,0,0,0,0,0,0,0,0,0,0,0,0,4,0,145181,0,0,0,1,0,0,0,4,0,0,0,0,0,0,0,4,0,0,0,0,0,0,0,0,0,0,0,0
363,GGA,0,0,0,0,0,0,0,0,5,0,0,0,0,0,0,0,0,0,0,0,0,0,0,0,0,0,0,0,0,0,0,0,3,0,0,0,0,0,0,0,145241,0,11,2,0,0,0,0,0,0,0,0,0,0,0,0,1,0,0,0,0,0,0,0
364,TGG,0,0,0,0,0,0,0,0,0,0,1,0,0,0,0,0,0,0,0,0,0,0,0,0,0,0,3,0,0,0,0,0,0,0,0,0,0,0,0,0,0,0,0,0,0,0,0,0,0,0,16,0,0,0,0,0,9,0,144819,0,0,0,1,0
365,TAT,0,0,0,0,0,0,0,0,0,0,0,0,0,0,0,0,0,0,0,20,0,0,0,0,0,0,0,0,0,0,0,0,0,0,0,1,0,0,0,0,0,0,0,0,0,0,0,0,0,8,2,144914,0,0,0,0,0,0,0,10,0,0,0,0
366,GGT,0,0,0,0,0,0,0,0,0,0,0,4,0,0,0,0,0,0,0,0,0,0,0,0,0,0,0,1,0,0,0,0,0,0,0,4,0,0,0,0,0,5,3,145174,0,0,0,0,0,0,0,0,0,0,0,0,0,0,0,0,0,0,0,0
367,TAT,0,0,0,0,0,0,0,0,0,0,0,0,0,0,0,0,0,0,0,5,0,0,0,0,0,0,0,0,0,0,0,0,0,0,0,0,0,0,0,0,0,0,0,0,0,0,0,0,0,4,0,144752,0,0,0,0,0,0,0,6,0,0,0,0
368,CAT,0,0,0,1,0,0,0,0,0,0,0,0,0,0,0,0,1,12,0,145076,0,0,0,1,0,0,0,5,0,0,0,1,0,0,0,0,0,26,0,0,0,0,0,0,0,0,0,0,0,0,0,1,0,0,0,0,0,0,0,0,0,0,0,0
369,CAT,0,0,0,2,0,0,0,0,0,0,0,0,0,0,0,0,0,5,0,145016,0,0,0,0,0,0,0,3,0,0,0,0,0,0,0,0,0,0,0,0,0,0,0,0,0,0,0,0,0,0,0,2,0,0,0,0,0,0,0,0,0,0,0,0
370,CAG,2,0,1,1,0,0,1,0,0,0,0,0,0,0,8,0,3,0,145134,2,0,0,2,0,0,0,26,0,0,0,4,0,0,0,0,0,0,0,0,0,0,0,0,0,0,1,0,0,0,0,82,0,0,2,0,0,0,0,2,0,0,0,0,0
371,AAT,0,4,0,145256,0,0,0,0,0,0,0,7,0,0,0,0,0,0,0,1,0,0,0,0,0,0,0,0,0,0,0,0,0,0,0,8,0,0,0,0,0,0,0,0,0,0,0,0,0,0,0,0,0,0,0,0,0,0,0,0,0,0,0,0
372,GAA,3,0,0,0,0,0,0,0,0,0,0,0,0,0,0,0,0,0,0,0,0,0,0,0,0,0,0,0,0,0,0,0,145176,1,6,0,0,0,0,0,5,0,0,1,0,0,0,0,2,0,0,0,0,19,0,0,0,0,0,0,0,0,0,0
373,CAG,0,0,1,0,0,0,0,0,0,0,0,0,0,0,0,0,4,0,142977,2,0,0,2,0,0,0,32,0,0,0,2,0,0,0,1,0,0,0,0,0,0,0,1,0,0,0,0,0,0,0,12,0,0,0,0,0,0,0,0,0,0,0,0,0
374,GGA,0,0,0,0,0,0,0,0,6,0,0,0,0,0,0,0,0,0,0,0,0,0,0,0,0,0,0,0,0,0,0,0,8,0,0,0,0,0,1,0,145195,0,5,18,2,0,0,0,0,0,0,0,0,0,0,0,2,0,0,0,0,0,0,0
375,TCA,0,0,0,0,1,0,11,0,0,0,0,0,0,0,0,0,0,0,0,0,6,0,0,0,0,0,0,0,0,0,0,0,0,0,0,0,0,0,0,0,0,0,1,0,0,0,0,0,1,0,0,0,145016,0,181,1,0,0,3,0,12,0,1,0
376,GGC,0,0,0,0,0,0,0,0,1,3,0,0,0,0,0,0,0,0,0,0,0,0,0,0,0,0,0,0,0,0,0,0,0,7,0,0,0,0,0,0,135,144960,1,7,0,0,0,0,0,0,0,0,0,0,0,0,0,8,0,0,0,0,0,0
377,TAT,0,0,0,0,0,0,0,0,0,0,0,0,0,0,0,0,0,0,0,11,0,0,0,0,0,0,0,0,0,0,0,0,0,0,0,0,0,0,0,0,0,0,0,0,0,0,0,0,0,4,0,145130,0,0,0,1,0,0,0,1,0,42,3,0
378,GCA,0,0,0,0,26,0,0,2,0,0,0,0,0,0,0,0,0,0,0,0,0,0,0,0,0,0,0,0,0,0,0,0,0,0,0,0,144967,1,64,2,0,0,0,0,56,0,0,0,0,0,0,0,3,1,0,0,0,0,0,0,0,0,0,0
379,GCG,0,0,0,0,0,0,5,0,0,0,0,0,0,0,0,0,0,0,0,0,0,0,0,0,0,0,0,0,0,0,0,0,0,0,0,0,10,1,145063,2,0,0,3,0,0,0,48,0,0,0,0,0,0,0,0,0,0,0,0,0,0,0,0,0
380,GAT,0,0,0,5,0,0,0,0,0,0,0,0,0,0,0,0,0,0,0,0,0,0,0,0,0,0,0,0,0,0,0,0,2,13,2,144874,0,0,0,0,0,0,0,8,0,0,0,1,0,0,0,0,0,0,0,0,0,0,0,0,0,0,0,0
381,CAA,95,0,3,0,0,0,0,0,1,0,2,0,0,0,0,22,232301,1,7,0,0,0,0,0,32,0,1,0,1,2,0,0,2,0,0,0,0,0,0,0,0,0,0,0,0,0,2,0,10,0,0,0,3,0,0,0,0,0,0,1,3,0,0,1
382,AAA,231144,0,13,1,24,1,0,0,5,0,2,0,0,1,0,15,12,0,0,0,1,0,0,0,0,12,2,0,14,0,0,0,19,0,0,212,0,354,0,3,0,0,0,0,0,0,0,1,0,0,0,0,0,2,0,1,0,0,0,4,0,0,0,32
383,AGC,0,34,0,0,0,0,0,0,2,232211,3,45,0,3,0,0,0,0,0,0,0,0,106,0,0,1,0,0,0,0,0,0,0,0,0,0,0,0,0,0,0,105,0,0,0,0,0,0,0,0,0,0,0,0,0,0,0,2,0,0,0,0,0,0
384,ACA,5,0,0,0,232363,0,6,0,0,31,0,0,5,0,0,0,0,0,0,0,4,0,3,0,0,0,0,0,0,0,0,0,0,0,0,0,16,0,0,0,0,0,0,0,0,0,0,0,0,0,0,0,3,228,0,0,0,0,0,0,0,0,0,0
385,CAA,5,0,0,3,41,0,318,0,0,69,0,0,0,0,0,0,231629,0,6,0,0,0,0,0,12,0,0,1,1,0,0,0,125,0,27,0,126,0,36,161,0,0,0,0,0,0,0,0,4,0,0,0,0,0,0,93,0,0,0,0,0,0,0,0
386,AAT,3,2,0,232326,0,0,0,1,0,0,149,5,0,0,0,18,3,0,0,3,0,0,0,0,0,0,0,0,1,0,0,0,0,0,0,5,0,0,0,0,0,0,0,0,0,0,0,0,0,0,0,1,0,0,1,0,0,0,0,0,67,0,60,0
387,GCC,0,0,0,0,0,8,0,0,0,0,0,0,0,0,0,0,0,0,0,0,0,0,0,0,0,0,0,0,0,0,0,0,0,3,0,0,5,232454,3,2,0,2,0,0,0,41,0,0,0,0,0,0,0,3,0,0,0,0,0,0,0,0,0,0
388,ATT,0,0,0,8,0,0,0,7,0,0,0,1,0,11,119,225023,0,0,0,0,0,0,0,0,0,0,0,0,540,402,772,1800,0,0,0,0,0,0,0,0,0,0,0,0,2,0,0,11,0,2,0,1216,1,0,0,0,0,0,0,0,313,0,0,1572
389,AAC,5,214764,44,38,1838,1209,175,374,420,1445,699,498,560,2,0,0,267,1676,0,1,0,0,0,0,59,1386,137,1902,6,0,129,1,0,8,0,0,1001,1,31,40,0,0,0,0,1,396,632,1,0,3,0,0,1406,1,1,790,0,0,0,0,118,0,0,513
390,GGG,2,0,0,0,0,0,3,0,37,184,13,2,0,1,0,0,0,34,0,175,0,0,0,0,1,0,3,0,0,0,0,0,0,2,14,0,3,0,0,0,6,3,231266,8,0,5,4,134,0,0,0,0,0,1,454,1,0,0,15,0,0,0,0,0
391,ATT,0,0,0,0,0,0,0,5,0,0,0,0,1,19,177,231719,0,0,0,0,0,0,0,0,0,0,0,0,0,0,0,2,0,0,0,0,0,0,0,0,0,0,0,0,0,0,272,256,0,0,0,0,0,0,0,0,0,0,0,0,0,0,0,1
392,ACA,283,2,35,27,221905,3,24,0,1400,0,2825,0,10,0,28,0,0,641,0,589,2,1,0,0,90,1850,1120,465,192,265,0,0,0,0,0,0,39,0,0,0,0,0,0,0,0,0,0,0,0,0,0,251,1,0,0,2,0,0,0,1,1,0,550,0
393,AAC,1,231339,0,0,0,6,0,0,0,6,222,0,0,0,0,0,0,2,0,0,0,0,0,0,412,0,0,505,0,0,0,0,0,8,0,0,0,0,0,0,0,0,0,0,0,0,0,0,0,0,0,0,0,1,0,2,0,0,0,0,0,0,0,161
394,AAG,8,0,232537,9,0,0,2,0,0,0,19,0,0,0,2,0,0,0,2,0,0,0,0,0,0,0,0,2,0,0,0,0,0,0,14,0,0,0,0,0,0,0,0,0,0,0,0,0,0,0,1,0,0,0,2,0,0,0,0,0,0,0,0,0
395,GTG,0,0,0,0,0,0,0,0,0,0,0,0,0,0,10,0,0,0,0,0,0,0,0,0,0,0,0,0,0,0,1,0,0,0,0,0,0,0,5,0,0,0,1,0,8,0,232426,6,0,0,0,0,0,0,0,0,0,0,0,0,0,0,0,0
396,AAC,1,232673,0,7,0,0,0,0,0,7,0,0,0,0,0,0,0,0,0,0,0,0,0,0,0,0,0,0,0,0,0,0,0,5,0,0,0,0,0,0,0,0,0,0,0,0,0,0,0,0,0,0,0,0,0,0,0,0,0,0,0,0,0,0
397,TCT,0,0,0,0,0,0,0,1,0,0,0,0,0,0,0,0,0,0,0,0,0,0,0,15,29,0,0,0,0,0,0,0,0,0,0,0,0,0,0,4,0,0,0,0,0,0,0,0,0,0,0,9,1,35,1,232261,0,0,0,0,0,0,0,1
398,GTT,0,0,0,0,0,0,0,0,0,0,0,0,0,0,0,9,0,0,0,0,0,0,0,0,0,0,0,0,0,0,0,0,0,0,0,1,0,0,0,3,0,0,0,1,0,10,0,232562,0,0,0,0,0,0,0,0,0,0,0,0,0,0,0,0
399,ATC,0,0,0,0,0,10,0,0,0,0,0,0,2,231911,6,16,0,0,0,0,0,0,0,0,0,0,0,0,0,445,1,0,0,0,0,0,0,0,0,0,0,0,0,0,0,79,0,0,0,0,0,0,0,0,0,0,0,0,0,0,0,0,0,0
400,GAG,0,0,785,0,115,0,12,0,0,47,166,1,0,0,0,0,0,0,0,29,0,0,0,0,0,0,230,0,0,0,0,0,8,0,228990,0,0,437,549,0,2,0,11,708,0,0,2,0,0,0,3,0,4,0,3,13,0,0,0,0,0,0,0,0
401,AAA,232324,0,3,0,19,0,0,0,4,0,0,0,2,0,0,0,0,0,0,0,0,0,0,0,0,0,0,0,0,0,0,0,5,0,0,0,0,0,0,0,0,0,0,0,0,0,0,2,0,0,0,0,0,0,0,0,0,0,0,0,0,0,0,0
402,ATG,0,0,0,0,0,0,7,0,0,0,0,0,1,0,232339,1,0,0,0,0,0,0,0,0,0,0,0,0,0,81,0,0,0,0,0,0,0,0,0,0,0,0,0,0,0,0,71,0,0,0,0,0,0,0,0,0,0,0,0,0,0,0,3,1
403,AAC,10,232350,0,45,0,0,0,42,0,12,0,0,0,0,0,0,0,2,0,0,0,0,0,0,0,0,0,0,0,0,0,0,0,15,0,0,0,0,0,0,0,0,0,0,0,0,1,0,0,0,0,0,0,0,0,0,0,0,0,0,0,0,0,0
404,ACT,0,0,0,3,1,22,0,232270,0,0,0,0,0,0,0,2,0,0,0,0,0,0,0,0,0,0,0,20,0,3,0,0,0,0,0,0,0,0,0,3,0,0,0,0,0,2,0,0,0,0,0,0,0,0,129,105,0,0,0,0,0,0,0,0
405,CAA,0,0,0,0,0,0,0,0,0,0,0,0,0,0,0,0,232530,2,4,0,3,0,0,0,19,0,0,0,0,0,0,0,0,0,0,0,0,0,0,1,0,0,1,0,0,0,0,0,6,0,0,0,0,0,0,0,0,0,0,0,0,0,0,0
406,TTC,0,0,0,0,0,0,0,0,0,0,0,0,0,0,0,0,0,0,0,0,0,0,0,0,0,0,0,0,1,56,0,0,0,0,0,0,0,0,0,0,0,0,0,0,0,4,0,0,0,297,0,0,0,9,0,0,0,0,0,0,2,232068,1,11
407,ACA,5,0,0,0,232285,9,47,4,2,0,0,0,30,0,0,0,0,4,0,0,3,0,0,0,0,0,0,0,0,0,0,0,0,0,0,0,3,0,0,0,0,0,0,0,0,0,0,0,0,0,0,0,3,0,0,0,0,0,0,0,0,0,0,0
408,GCT,3,0,0,0,0,0,0,9,0,0,0,0,0,0,0,0,0,0,48,0,0,0,0,0,0,0,0,0,0,0,0,0,0,0,1,0,1,17,3,232311,0,2,0,0,0,0,0,8,0,0,0,0,0,0,0,7,0,0,0,0,0,0,0,0
409,GTG,0,0,0,0,0,1,0,0,0,0,0,0,0,0,16,0,0,0,0,0,0,0,0,0,0,0,0,0,0,1,1,0,0,0,0,0,0,0,4,0,0,0,0,0,8,0,232412,10,0,0,2,0,0,0,0,0,0,0,0,0,0,0,5,0
410,GGT,0,0,0,0,0,0,0,0,0,0,0,16,0,0,0,0,0,0,0,0,0,0,0,0,0,0,0,0,1,0,0,0,0,0,0,123,0,0,0,0,1,11,1,232242,0,0,0,5,0,0,0,0,0,0,0,0,0,0,0,1,0,0,0,1
411,AAA,231883,1,34,2,2,1,0,0,13,0,0,0,0,0,0,0,0,0,1,0,0,0,0,0,0,0,0,0,0,0,0,0,14,0,0,0,0,3,2,0,0,0,0,0,0,0,2,0,5,0,0,0,0,0,0,0,0,0,0,0,0,0,0,0
412,GAA,1,0,1,0,0,1,0,0,0,0,0,0,0,0,0,0,0,0,0,0,0,0,0,0,0,0,0,0,0,0,1,2,232134,71,5,0,0,0,0,0,6,0,0,0,0,0,0,0,1,0,0,0,0,0,0,0,0,1,4,0,0,0,0,4
413,TTC,0,0,0,0,0,0,0,0,0,0,0,0,0,1,0,0,0,0,0,0,0,0,0,0,0,0,0,0,0,6,0,0,0,0,0,0,0,0,0,0,0,0,0,0,0,2,0,0,0,0,0,0,0,7,0,0,0,0,0,0,4,232411,1,4
414,AAC,0,232490,2,7,0,6,0,0,0,22,0,0,0,0,0,0,0,0,0,0,0,0,0,0,0,0,0,0,0,0,0,0,0,20,0,0,0,0,0,0,0,0,0,5,0,0,0,0,0,0,0,0,0,0,0,0,0,0,0,0,0,0,0,0
415,AAC,2,232315,0,3,0,0,0,0,0,6,0,0,0,0,0,0,0,1,0,1,0,0,0,0,0,0,0,0,0,0,0,0,0,6,0,0,0,0,0,2,1,0,0,2,0,28,218,0,0,0,0,44,0,0,1,0,0,0,0,0,0,1,0,0
416,TTA,0,0,0,0,0,0,0,0,0,0,0,0,0,0,0,0,0,0,0,0,1,0,0,0,0,0,0,0,5,0,0,0,0,0,0,0,0,0,0,0,0,0,0,0,1,0,0,0,0,0,0,0,18,0,0,0,0,0,0,0,232276,0,29,1
417,GAA,11,0,0,0,0,0,0,0,0,0,0,0,0,0,0,0,0,0,0,0,0,0,0,0,0,0,0,0,0,0,0,0,232369,1,6,0,1,0,0,0,7,0,0,0,0,0,0,0,3,0,0,0,0,0,0,0,0,0,0,0,0,0,0,0
418,AAA,232558,2,11,2,5,0,0,0,1,0,0,0,0,0,0,0,4,0,0,0,0,0,0,0,0,0,0,0,0,0,0,0,5,0,0,0,0,0,0,0,0,0,0,0,0,0,0,0,1,0,0,0,0,0,0,0,0,0,0,0,0,0,0,0
419,AGG,0,0,39,0,0,0,0,0,16,0,231649,0,0,0,31,0,0,0,0,0,0,0,0,0,0,0,534,0,0,0,0,0,0,0,0,0,0,0,0,0,0,0,175,0,0,0,0,0,0,0,0,0,0,0,0,0,0,0,2,0,0,0,0,0
420,ATG,0,0,0,0,0,0,8,0,0,0,0,0,8,0,232311,5,0,0,0,0,0,0,0,0,0,0,0,0,0,0,0,0,0,0,0,0,0,0,0,0,0,0,0,0,0,0,19,0,0,0,0,0,0,0,0,0,0,0,0,0,0,0,1,1
421,GAA,8,0,0,0,0,0,0,0,0,0,0,0,0,0,0,0,0,0,0,0,0,0,0,0,0,0,0,0,0,0,0,0,232543,0,10,0,0,0,0,0,17,0,0,0,1,0,0,0,0,0,0,0,0,0,1,0,0,0,0,0,0,0,0,0
422,AAT,4,2,0,232622,0,0,0,0,0,0,0,3,0,0,0,11,0,0,0,3,0,0,0,0,0,0,0,0,0,0,0,0,0,0,0,7,0,0,0,0,0,0,0,0,0,0,0,0,0,2,0,0,0,0,0,1,0,0,0,0,0,0,0,0
423,TTA,0,0,0,0,0,0,0,0,0,0,0,0,0,0,0,0,0,0,0,0,0,0,0,0,0,0,0,0,3,0,0,0,0,0,0,0,0,0,0,0,0,0,0,0,0,0,0,0,0,0,0,0,19,0,0,0,0,0,0,0,232430,0,19,3
424,AAT,0,10,2,232355,0,0,0,0,0,0,0,9,0,0,0,0,0,0,0,0,0,0,0,0,0,0,0,0,0,0,0,0,0,0,0,1,0,0,0,0,0,0,0,0,0,0,0,0,0,0,0,3,0,0,0,0,0,0,0,0,0,0,0,0
425,AAA,232546,4,5,2,0,0,0,0,20,0,0,0,11,0,0,0,0,0,0,0,0,0,0,0,1,0,0,0,0,0,0,0,9,0,0,0,0,0,0,0,0,0,0,0,0,0,0,1,0,0,0,0,0,0,0,0,0,0,0,0,0,0,0,0
426,AAA,232037,0,100,1,1,0,0,0,11,0,0,0,1,0,0,0,1,0,0,0,0,0,0,0,0,0,0,0,0,0,0,0,12,0,0,0,0,0,0,0,0,0,0,0,0,0,0,0,0,0,0,0,0,0,0,0,0,0,0,0,0,0,0,0
427,GTT,0,0,0,0,0,0,0,0,0,0,0,0,0,0,0,9,0,0,0,0,0,0,0,0,0,0,0,0,0,1,0,0,0,0,0,0,0,0,0,6,0,0,0,2,1,13,0,231831,0,0,0,0,0,0,0,0,0,0,0,0,0,0,0,6
428,GAT,0,0,2,4,0,0,0,0,0,0,0,0,0,0,0,0,0,0,0,0,0,0,0,0,0,0,0,0,0,0,0,0,2,5,1,231989,0,0,0,0,0,0,0,10,0,0,0,0,0,0,0,3,0,0,0,0,0,0,0,0,0,0,0,0
429,GAT,0,0,0,3,0,0,0,0,0,0,0,0,0,0,0,0,0,0,0,0,0,0,0,0,0,0,0,0,0,0,0,0,0,12,0,232123,0,0,0,2,0,0,0,9,0,0,0,0,0,0,0,1,0,0,0,0,0,0,0,0,0,0,0,0
430,GGG,0,0,0,0,0,0,0,0,0,0,7,0,0,0,0,0,0,0,0,0,0,0,0,0,0,0,0,0,0,0,0,0,0,0,7,0,0,0,0,0,7,0,232740,0,0,0,1,0,0,0,0,0,0,0,0,0,0,0,7,0,0,0,0,0
431,TTT,0,0,0,0,0,0,0,0,0,0,0,0,0,0,0,0,0,0,0,0,0,0,0,0,0,0,0,0,0,0,0,6,0,0,0,0,0,0,0,0,0,0,0,0,0,0,0,7,0,0,0,0,0,0,0,4,0,0,0,1,0,9,0,232718
432,CTG,0,0,0,0,0,0,0,0,0,0,0,0,0,1,1,0,0,0,1,0,0,0,38,0,0,0,1,0,8,0,232430,230,0,0,0,0,0,0,0,0,0,0,0,0,0,0,0,0,0,0,0,0,0,0,0,0,0,0,0,0,0,0,14,0
433,GAC,5,10,0,0,0,0,0,0,0,0,0,0,0,0,0,0,0,0,0,0,0,0,0,0,0,0,0,0,0,0,0,0,5,232626,2,7,0,0,0,0,0,41,0,0,1,0,0,0,0,3,0,0,2,0,0,0,0,0,0,0,0,0,0,0
434,ATT,0,0,0,1,0,0,0,10,0,0,0,2,1,14,5,232726,0,0,0,0,0,0,0,0,0,0,0,0,0,0,0,1,0,0,0,0,0,0,0,0,0,0,0,0,0,0,0,4,0,0,0,0,0,0,0,0,0,0,0,0,0,0,0,0
435,TGG,0,0,0,0,0,0,0,0,0,0,0,0,0,0,0,0,0,0,0,0,0,0,0,0,0,0,92,0,0,0,0,0,0,0,0,0,0,0,0,0,0,0,0,0,0,0,0,0,0,0,2,0,0,0,0,0,6,0,232606,4,0,0,0,0
436,ACA,1,0,0,0,232647,1,14,2,0,0,0,0,7,0,0,0,0,0,0,0,0,0,0,0,0,0,0,0,0,0,0,0,2,0,0,0,35,0,0,0,0,0,0,0,0,0,0,0,0,0,0,0,2,0,0,0,0,0,0,0,0,0,0,0
437,TAT,0,0,0,8,0,0,0,0,0,0,0,0,0,0,0,0,0,0,0,36,0,0,0,0,0,0,0,0,0,0,0,0,0,0,0,0,0,0,0,0,0,0,0,0,0,0,0,0,3,10,0,232665,0,0,0,3,0,0,0,22,0,0,0,0
438,AAT,0,4,0,231407,0,0,0,2,0,0,0,0,0,0,0,2,0,0,0,0,0,0,0,0,0,0,0,0,0,0,0,0,0,0,0,20,0,0,0,0,0,0,0,0,0,0,0,0,0,0,0,0,0,0,0,0,0,0,0,0,0,0,0,0
439,GCA,0,0,0,0,28,0,0,0,0,0,0,0,0,0,0,0,0,0,0,0,0,0,0,0,0,0,0,0,0,0,0,2,1,0,0,0,231170,5,12,1,0,0,0,0,31,0,0,0,0,0,0,0,1,0,0,0,0,0,0,0,0,0,0,0
440,GAA,3,0,0,0,0,0,0,0,0,0,0,0,0,0,0,0,0,0,0,0,0,0,0,0,0,0,1,0,0,0,0,0,231825,0,6,0,0,0,0,0,7,0,0,0,0,0,0,0,2,0,0,0,0,0,0,0,0,0,0,0,0,0,0,0
441,TTG,0,0,0,0,0,0,0,0,0,0,0,0,0,0,1,0,0,0,0,0,0,0,0,0,0,0,0,0,0,0,0,0,0,0,0,0,0,0,0,0,0,0,0,0,0,0,0,0,0,0,0,0,0,0,6,0,0,0,0,0,7,1,232363,9
442,TTA,0,0,0,0,0,0,0,0,0,0,0,0,0,1,0,0,0,0,0,0,0,0,0,0,0,0,0,0,7,0,0,1,0,0,0,0,0,0,0,0,0,0,0,0,1,0,0,1,0,0,0,0,21,0,0,0,0,0,0,0,232176,0,21,0
443,GTT,0,0,0,0,0,0,0,0,0,0,0,0,0,0,0,5,0,0,0,0,0,0,0,0,0,0,0,0,0,0,0,0,0,0,0,0,0,0,0,10,0,0,0,1,0,21,172,230388,0,0,0,0,0,0,0,0,0,0,0,0,0,0,0,9
444,CTA,0,0,0,0,0,0,0,0,0,0,0,0,6,0,0,0,1,0,0,0,6,0,0,0,0,0,0,0,231563,0,11,2,0,0,0,0,0,0,0,0,0,0,0,0,0,0,0,0,0,0,0,0,0,0,0,0,0,0,0,0,8,0,0,0
445,CTG,0,0,0,0,0,0,0,0,0,0,0,0,0,0,7,0,0,0,0,0,0,0,46,0,0,0,1,0,6,0,231816,1,0,0,0,0,0,0,0,0,0,0,0,0,0,0,0,0,0,0,0,0,0,0,0,0,0,0,0,0,0,0,222,0
446,GAA,12,0,0,0,3,0,0,0,0,0,0,0,0,0,0,0,0,0,0,0,0,0,0,0,0,0,0,0,0,0,0,0,232282,0,8,2,0,0,0,0,19,0,0,0,0,0,0,0,1,0,0,0,0,0,0,0,0,0,0,0,0,0,0,0
447,AAT,5,6,1,232234,0,0,0,0,0,0,0,8,0,0,0,0,0,0,0,0,0,0,0,0,0,0,0,0,0,0,0,0,0,0,0,8,0,0,0,0,0,0,0,0,0,0,0,0,0,1,0,5,0,0,0,0,0,0,0,0,0,0,0,0
448,GAA,10,0,0,0,0,0,0,0,0,0,0,0,0,0,0,0,1,0,0,0,0,0,0,0,0,0,0,0,0,0,0,0,232037,0,10,0,20,0,0,0,10,0,0,0,0,0,0,0,3,0,0,0,0,0,0,0,0,0,0,0,0,0,0,0
449,AGG,0,0,19,0,0,0,0,0,8,0,231701,1,0,0,5,0,0,0,0,0,0,0,0,0,0,0,128,0,0,0,0,0,0,0,0,0,0,0,0,0,0,0,29,0,0,0,0,0,0,0,0,0,0,0,0,0,0,0,5,0,0,0,2,0
450,ACT,0,0,0,3,2,19,0,231233,0,0,0,0,0,0,0,4,0,0,0,0,0,0,0,0,0,0,0,0,0,0,0,0,0,0,0,0,0,0,0,9,0,0,0,0,0,0,0,0,0,0,0,0,0,0,0,0,0,0,0,0,0,0,0,0
451,TTG,0,0,0,0,0,0,0,0,0,0,0,0,0,0,0,0,0,0,0,0,0,0,0,0,0,0,0,0,0,0,9,0,0,0,0,0,0,0,0,0,0,0,0,0,0,0,2,0,0,0,0,0,0,0,26,0,0,0,3,0,2,0,231103,0
452,GAT,0,0,0,136,0,0,0,0,0,0,0,0,0,0,0,0,0,0,0,0,0,0,0,0,0,0,0,0,0,0,0,0,0,36,0,230811,0,0,0,0,0,0,0,3,0,0,0,1,0,0,0,1,0,0,0,0,0,0,0,0,0,0,0,0
453,TTC,0,0,0,0,0,0,0,0,0,0,0,0,0,0,0,0,0,0,0,0,0,0,0,0,0,0,0,0,0,3,0,0,0,0,0,0,0,0,0,0,0,0,0,0,0,1,0,0,0,2,0,0,0,17,0,0,0,0,0,0,5,229794,0,489
454,CAT,0,0,0,9,0,0,0,0,0,0,0,0,0,0,0,0,3,2,0,232096,0,0,0,1,0,0,0,34,0,0,0,2,0,0,0,0,0,0,0,0,0,0,0,0,0,0,0,0,0,0,0,7,0,0,0,0,0,0,0,0,0,0,0,0
455,GAC,0,3,0,0,0,0,0,0,0,0,0,0,0,0,0,0,0,0,0,0,0,0,0,0,0,0,0,0,0,0,0,0,3,232182,1,1,0,0,0,0,0,12,0,0,0,0,0,0,0,2,0,0,1,0,0,0,0,0,0,0,0,0,0,0
456,TTA,0,0,0,0,0,0,0,94,0,0,0,0,1,0,0,0,0,0,0,0,0,0,0,0,0,0,0,0,7,0,0,0,0,0,0,0,0,0,0,0,2,0,0,0,2,0,0,2,0,0,0,0,21,0,0,0,0,0,0,0,232137,1,20,3
457,AAT,3,4,1,232411,0,0,0,0,0,0,0,6,0,0,0,1,0,0,0,8,0,0,0,0,0,0,0,0,0,0,0,0,0,0,0,17,0,0,0,0,0,0,0,0,0,0,0,0,0,0,0,2,0,0,0,0,0,0,0,0,0,0,0,0
458,GTG,0,0,0,0,0,0,0,0,0,0,0,0,0,0,11,0,0,0,0,0,0,0,0,0,0,0,0,0,0,0,1,0,0,0,0,0,0,0,7,0,0,0,0,0,4,2,231986,0,0,0,0,0,0,0,0,0,0,0,0,0,0,0,0,0
459,AAG,5,0,231582,0,0,0,2,0,0,0,17,0,0,0,5,0,0,0,0,0,0,0,0,0,0,0,0,0,0,0,0,0,0,0,537,0,0,0,0,0,0,0,0,0,0,0,0,0,0,0,0,0,0,0,0,0,0,0,0,0,0,0,0,0
460,AAT,5,5,0,231066,0,0,0,5,0,0,0,1,0,0,0,0,0,0,0,0,0,0,0,0,0,0,0,0,0,0,0,0,0,0,0,10,0,0,0,0,0,0,0,0,0,0,0,0,0,0,0,0,0,0,0,0,0,0,0,0,0,0,0,0
461,CTG,0,0,0,0,0,0,0,0,0,0,0,0,0,0,4,0,0,0,2,0,0,0,13,0,0,0,0,0,4,0,231531,1,0,0,0,0,0,0,0,0,0,0,0,0,0,0,0,0,0,0,0,0,0,0,0,0,0,0,0,0,0,0,3,0
462,TAC,0,0,0,0,0,0,0,0,0,0,0,0,0,0,0,0,0,14,0,0,0,0,0,0,0,0,0,0,0,0,0,0,0,0,0,0,0,0,0,0,0,0,0,0,0,0,0,0,2,232299,0,33,0,0,0,0,0,25,0,0,0,0,0,0
463,GAG,0,0,7,0,0,17,0,0,0,0,0,0,0,0,0,0,0,0,0,0,0,0,0,0,0,0,0,0,0,0,0,0,9,0,232319,8,0,2,0,0,0,0,16,0,0,0,2,0,0,0,3,115,0,0,0,0,0,0,0,0,0,0,0,0
464,AAA,232435,3,22,1,0,0,0,0,4,0,0,0,0,0,0,0,1,0,0,0,0,0,0,0,0,0,0,0,0,0,0,0,9,0,0,0,0,0,0,0,0,4,0,0,0,0,0,0,0,0,0,0,0,0,0,0,0,0,0,0,0,0,1,0
465,GTA,0,0,0,0,0,0,0,0,0,0,0,0,12,0,0,0,0,0,0,0,0,0,0,0,0,0,0,0,2,0,0,0,4,0,0,0,15,0,0,0,0,0,0,0,232496,0,13,1,0,0,0,0,0,0,0,0,0,0,0,0,0,0,0,0
466,AAA,231681,0,25,0,0,0,0,0,14,0,0,0,0,0,0,0,1,0,0,0,0,0,0,0,0,0,0,130,0,0,0,0,5,0,0,0,0,0,0,0,0,0,0,0,0,0,0,0,0,0,0,0,0,0,1,0,0,0,0,0,0,0,0,0
467,AGC,0,24,0,0,0,0,0,0,1,231116,0,423,0,137,0,0,0,0,0,0,0,0,0,0,0,2,0,0,0,0,0,0,0,0,0,0,4,0,0,0,0,27,2,0,0,0,0,181,0,0,0,0,0,0,0,0,0,1,0,0,0,0,0,0
468,CAA,0,0,0,0,0,0,0,0,2,0,0,0,0,0,1,0,231614,0,21,0,0,0,0,0,13,0,0,0,0,0,0,0,0,0,0,0,0,0,0,2,0,0,0,0,0,0,0,0,4,0,0,0,0,0,0,0,0,0,0,0,0,0,0,0
469,TTA,0,0,0,0,0,0,0,0,0,0,0,0,2,0,0,0,0,0,0,0,0,0,0,0,0,0,0,0,6,0,0,0,0,0,0,0,0,0,0,0,0,0,0,0,3,0,0,0,0,0,0,0,9,0,0,0,0,0,0,0,232286,2,13,0
470,AAG,9,0,232141,1,0,0,4,0,0,0,29,0,0,0,2,0,0,0,0,0,0,0,0,0,0,0,0,0,0,0,0,0,1,0,11,0,0,0,0,0,0,0,0,1,0,0,0,0,0,0,0,0,0,10,0,0,0,0,0,0,0,0,0,0
471,AAT,0,9,0,232464,0,0,0,0,0,0,0,4,0,0,4,3,0,0,0,0,0,0,0,0,0,0,0,0,0,0,0,0,0,0,0,7,0,0,0,0,0,0,0,0,0,0,0,0,0,1,0,0,0,0,0,0,0,0,0,0,0,0,0,1
472,AAT,26,7,0,232343,0,0,0,1,0,0,0,23,0,0,0,1,0,0,0,1,0,0,0,0,0,0,0,0,0,0,0,0,0,0,0,21,0,0,0,0,0,0,0,0,0,0,0,0,0,0,0,2,0,0,0,0,0,0,0,0,0,0,0,0
473,GCC,0,0,0,0,0,38,0,0,0,0,0,0,0,0,0,0,0,0,0,0,0,1,0,0,0,0,0,0,0,0,0,0,0,5,0,0,4,232404,0,6,0,0,0,0,0,9,0,0,0,0,0,0,0,0,0,0,0,0,0,0,0,0,0,0
474,AAA,232298,4,25,2,0,0,0,0,10,0,0,0,1,0,0,0,2,0,0,0,0,0,0,0,0,0,0,0,0,1,0,0,23,0,0,0,1,0,0,0,0,0,0,0,0,0,0,0,1,0,0,0,0,0,0,0,1,0,0,0,0,0,45,0
475,GAA,31,0,0,0,0,0,0,0,0,0,0,0,0,0,0,0,0,0,0,0,0,0,0,0,0,0,0,0,0,0,0,0,232123,3,6,0,0,0,0,0,3,0,0,0,17,0,0,0,2,0,0,0,0,0,0,0,0,0,0,0,0,0,2,0
476,ATC,0,0,2,0,0,3,0,0,0,0,0,0,1,115670,62,17,0,0,0,0,0,0,0,0,0,0,0,0,0,0,0,1,0,0,0,0,0,0,0,0,0,0,0,0,0,2,0,1,0,0,0,0,0,0,0,0,0,0,0,0,0,1,0,0
477,GGA,0,0,0,0,0,0,0,0,383,0,0,0,0,0,0,0,0,0,0,0,0,0,0,0,0,0,0,0,0,0,0,0,4,0,0,0,0,0,0,0,115355,0,7,0,2,0,0,0,0,0,0,0,0,0,0,0,2,0,0,0,0,0,0,1
478,AAT,2,2,0,115700,0,0,0,8,0,0,0,1,0,0,0,3,0,0,0,1,0,0,0,0,0,0,0,0,0,0,0,0,0,0,0,4,0,0,0,0,0,0,0,0,0,0,0,0,0,0,0,0,0,0,0,0,0,0,0,0,0,0,0,0
479,GGG,0,0,0,0,0,0,0,0,0,0,3,0,0,0,0,0,0,0,0,0,0,0,0,0,0,1,0,0,0,0,0,1,0,0,2,0,0,0,0,0,2,0,114363,0,0,0,5,0,0,0,0,0,0,0,0,0,0,0,0,0,0,0,0,0
480,TGT,0,0,0,0,0,0,0,0,0,0,0,0,0,0,0,0,0,0,0,0,0,0,0,0,0,0,0,1,0,0,0,0,0,0,0,0,0,0,0,0,0,0,0,0,0,0,0,0,0,0,0,10,0,0,0,0,0,3,104,115616,0,0,0,0
481,TTT,0,0,0,0,0,0,0,0,0,0,0,0,0,0,0,0,0,0,0,0,0,0,0,0,0,0,0,0,0,1,0,2,0,0,0,0,0,0,0,0,0,0,0,0,0,0,0,0,0,0,0,1,0,0,0,8,0,0,0,0,2,4,0,115682
482,GAG,31,0,83,0,0,0,0,0,0,0,0,0,0,0,0,0,0,0,0,0,0,0,0,0,0,3,3,0,0,0,0,0,85,0,115337,3,1,0,0,0,0,0,124,0,0,0,1,0,0,0,0,0,0,0,0,0,0,0,0,0,0,0,0,0
483,TTC,0,0,0,0,0,0,0,0,0,0,0,0,0,1,0,0,0,0,0,0,0,0,0,0,0,0,0,0,0,3,0,0,0,0,0,0,0,0,0,0,0,0,0,0,0,0,0,0,0,0,0,0,0,6,0,0,0,0,0,0,2,115613,0,3
484,TAC,0,0,0,0,0,0,0,0,0,0,0,0,0,0,0,0,0,25,0,0,0,0,0,0,0,0,0,0,0,0,0,0,0,0,0,0,0,0,0,0,0,0,0,0,0,0,0,0,1,115710,0,8,0,1,0,0,0,14,0,0,0,0,0,0
485,CAC,0,4,0,0,0,0,0,0,0,0,0,0,0,0,0,0,3,115539,0,2,0,176,0,0,0,7,0,0,0,0,0,0,0,0,0,0,0,0,0,0,0,0,0,0,0,0,0,0,0,2,0,0,0,0,0,0,0,0,0,0,0,0,0,0
486,AAG,0,0,115701,1,0,0,0,0,0,0,7,0,0,0,0,0,0,0,0,0,0,0,0,0,0,0,0,0,0,0,0,0,0,0,9,0,0,0,0,0,0,0,0,0,2,0,0,0,0,0,0,0,0,2,0,0,0,0,0,0,0,0,0,0
487,TGT,0,0,0,0,0,0,0,0,0,0,0,3,0,0,0,0,0,0,0,0,0,0,0,0,0,0,0,6,0,0,0,0,0,0,0,0,0,0,0,0,2,0,0,0,0,0,0,0,0,0,0,3,0,0,0,0,0,3,0,115730,0,0,0,1
488,GAC,0,4,0,0,0,0,0,0,0,0,0,0,0,0,0,0,0,0,0,0,0,0,0,0,0,0,0,0,1,0,0,0,1,115621,0,7,0,1,0,0,0,24,0,0,0,0,0,0,0,0,0,0,1,0,0,0,0,0,0,0,0,0,0,0
489,AAT,0,9,0,115631,0,0,0,0,0,0,0,2,0,0,0,0,0,0,0,3,0,0,0,0,0,0,0,0,0,0,0,0,0,0,0,18,0,0,0,0,0,0,0,0,0,0,0,0,0,0,0,1,0,0,0,0,0,0,0,0,0,0,0,0
490,GAA,8,0,0,0,126,0,0,0,0,1,0,1,0,0,0,0,3,0,0,0,0,99,0,0,0,0,0,0,0,0,1,0,115291,0,1,0,0,0,0,0,15,0,0,0,2,0,0,0,0,0,0,0,0,0,0,0,0,0,0,0,0,0,0,0
491,TGC,0,0,0,0,0,0,0,0,0,1,0,0,0,0,0,0,0,0,0,0,0,0,0,0,0,2,0,0,0,0,0,0,0,0,0,0,0,0,0,0,0,0,0,0,0,0,0,0,0,4,0,0,0,0,0,0,1,115672,0,23,0,0,0,0
492,ATG,0,0,2,0,0,0,13,0,0,0,0,0,4,0,115590,4,0,0,0,0,0,0,0,0,0,0,0,0,0,0,0,0,0,0,0,0,0,0,0,0,0,0,0,0,0,0,4,0,0,0,0,0,0,0,0,0,0,0,0,0,0,0,0,0
493,GAA,5,0,0,1,0,0,0,0,0,0,0,0,0,0,0,0,28,0,0,0,0,0,0,0,1,0,0,0,0,0,0,0,115108,156,55,0,51,0,0,0,10,0,0,0,1,0,0,0,1,0,0,0,0,0,0,0,0,0,1,0,0,1,0,0
494,AGT,0,0,0,5,0,0,0,0,2,2,0,115611,0,0,0,2,0,0,0,0,0,0,0,0,0,0,0,0,0,0,0,0,0,0,0,0,2,0,1,0,0,0,0,15,0,0,0,0,0,0,0,0,0,0,0,0,0,0,0,1,0,0,0,0
495,GTA,0,0,0,0,0,0,0,0,0,0,0,0,10,0,0,0,0,0,0,0,0,0,0,0,0,0,0,0,0,0,0,0,0,0,0,0,9,0,0,0,0,0,0,0,115712,0,14,2,0,0,0,0,0,0,0,0,0,0,0,0,1,0,0,0
496,AGA,7,0,0,0,0,0,0,0,115659,0,4,1,0,0,0,0,0,0,0,0,0,0,0,0,4,0,0,0,0,0,0,0,0,0,0,0,0,0,0,0,6,0,0,0,0,0,0,0,0,0,0,0,0,0,0,0,3,0,0,0,0,0,0,0
497,AAT,0,5,1,115734,0,0,0,0,0,0,0,2,0,0,0,0,0,0,0,0,0,0,0,0,0,0,0,0,0,1,0,1,0,0,0,2,0,0,0,0,0,0,0,0,1,0,0,0,0,0,0,0,0,0,0,1,0,0,0,0,1,0,0,0
498,GGG,0,0,0,0,0,0,0,0,0,0,3,0,0,0,0,0,0,0,0,0,0,0,0,0,0,0,0,0,0,0,0,0,0,0,4,0,0,0,0,0,11,0,115674,0,0,0,4,0,0,0,0,0,0,0,0,0,0,0,3,0,0,0,0,0
499,ACT,0,0,0,3,0,1,1,115475,0,0,0,0,0,0,138,3,0,0,0,0,0,0,0,0,0,0,0,0,0,0,0,0,0,0,0,0,0,0,0,5,0,0,0,0,0,0,1,0,0,0,0,0,0,0,0,0,0,0,0,0,0,1,0,0
500,TAT,0,0,0,1,0,0,0,0,0,0,0,0,0,0,0,0,0,0,0,6,0,0,0,0,0,0,0,0,0,0,0,0,0,0,0,0,0,0,0,0,0,0,0,0,0,0,0,0,0,3,0,115701,0,0,0,0,0,0,3,5,0,0,0,1
501,GAT,0,0,0,3,0,0,0,0,0,0,0,0,0,0,1,1,0,0,0,0,0,0,0,0,0,0,0,0,0,0,0,1,0,5,1,115682,0,0,0,0,0,0,0,3,0,0,0,2,0,0,0,0,0,0,0,0,0,0,0,0,0,0,0,0
502,TAT,0,0,0,0,0,0,0,0,0,0,0,1,0,0,0,0,0,0,0,6,0,0,0,0,0,0,0,0,0,0,0,0,0,0,0,0,0,0,0,0,0,0,0,1,0,0,0,0,1,7,0,115646,0,0,0,0,0,0,1,12,0,0,0,0
503,CCA,0,0,0,0,3,0,0,0,0,0,0,0,0,0,0,0,5,0,0,0,115593,2,22,0,0,0,0,0,0,0,0,0,0,0,0,0,1,0,0,0,0,0,0,0,0,0,0,0,0,0,0,0,2,0,0,0,0,0,0,0,0,0,0,0
504,AAA,115607,0,2,2,0,0,0,0,4,0,0,0,0,0,0,0,0,1,0,0,0,0,0,0,0,0,0,0,0,0,0,0,7,0,0,0,0,0,0,0,0,0,0,0,0,0,0,0,0,0,0,0,0,0,0,0,0,0,0,0,0,0,1,0
505,TAT,0,0,0,0,0,0,0,0,0,0,0,0,0,0,0,0,0,0,0,2,0,0,0,0,0,0,0,0,0,0,0,0,0,0,0,1,0,0,0,0,0,0,0,0,0,0,0,0,0,1,0,115764,0,0,0,0,0,0,0,6,0,0,0,0
506,TCA,0,0,0,0,0,0,0,0,0,0,0,0,0,0,0,0,0,0,0,0,3,0,0,0,0,0,0,0,0,0,0,0,0,0,0,0,0,0,0,0,0,0,0,0,0,0,0,0,2,0,0,0,115653,2,22,1,0,0,0,0,2,0,0,0
507,GAA,4,0,0,0,0,0,0,0,0,0,0,0,0,0,0,0,0,0,0,0,0,0,0,0,0,1,0,0,0,1,0,0,115538,0,2,3,0,0,77,0,7,0,0,0,3,0,0,0,1,0,0,82,0,0,0,0,0,0,0,0,0,0,0,0
508,GAA,1,0,0,0,0,0,0,0,0,0,0,0,0,0,0,0,0,0,0,1,0,0,0,0,0,0,0,0,0,0,0,0,115633,1,51,1,0,0,2,0,1,0,0,0,0,0,1,0,0,0,0,0,0,0,0,0,0,0,0,0,0,0,0,0
509,TCA,0,0,0,0,0,0,172,0,0,0,0,0,0,0,0,1,0,0,0,0,1,0,0,0,0,0,0,0,0,0,0,0,0,0,0,0,0,0,1,0,0,0,0,1,0,1,2,0,1,0,0,0,115467,0,14,0,0,0,0,0,6,0,0,0
510,AAG,6,0,115574,2,0,0,5,0,0,0,24,0,0,0,1,0,0,0,1,0,0,0,0,0,0,0,0,0,144,0,0,0,0,0,3,0,0,0,0,0,0,0,0,0,0,0,0,0,0,0,2,0,0,0,0,0,0,1,0,0,2,0,0,0
511,TTG,0,0,0,0,0,0,0,0,0,0,0,0,0,0,1,0,0,0,0,0,0,0,0,0,0,0,0,0,0,0,7,0,0,0,0,0,0,0,0,0,0,0,0,0,0,0,0,0,0,0,1,0,0,0,5,0,0,0,2,1,6,0,115693,1
512,AAC,1,115585,0,68,0,0,0,0,0,41,0,0,0,0,1,0,0,0,0,0,0,0,0,0,0,1,1,0,0,0,0,0,0,7,0,0,0,0,0,0,0,2,0,0,0,0,0,0,0,0,0,0,0,0,0,0,0,0,0,0,0,0,0,0
513,AGG,0,0,5,0,0,1,0,0,4,0,115697,0,0,0,3,0,0,0,0,0,0,0,0,0,0,0,2,0,0,0,1,0,0,0,0,0,0,0,0,0,0,0,36,0,0,0,0,0,0,0,0,0,0,0,0,0,0,0,0,0,0,0,0,0
514,GAA,4,0,0,0,0,0,0,0,0,0,0,0,0,0,0,0,0,0,0,0,0,0,0,0,0,0,0,0,0,0,0,0,115038,0,2,0,0,524,0,0,5,0,0,0,0,0,0,0,0,0,0,0,0,0,0,0,0,0,0,0,1,0,0,0
515,AAG,58,0,115343,2,0,0,2,0,0,0,28,195,0,0,2,0,0,0,2,0,0,1,0,0,0,0,0,0,0,0,0,0,0,0,7,0,1,0,0,0,0,0,0,0,0,0,0,0,0,0,0,0,0,0,0,0,0,0,0,0,0,0,0,1
516,ATA,0,0,0,0,2,0,0,0,0,0,0,0,115635,0,26,2,0,0,0,0,0,0,0,0,0,0,0,0,0,0,0,0,0,0,0,0,0,0,0,0,0,0,0,0,3,0,0,0,0,0,0,0,0,0,0,0,0,0,0,0,0,0,0,0
517,GAT,0,0,0,4,0,0,0,0,0,0,0,0,0,0,1,0,0,0,0,0,0,0,0,0,0,0,0,0,0,1,0,0,0,5,0,115493,0,1,1,1,0,0,0,5,116,0,0,0,0,0,0,0,0,2,0,0,0,0,0,0,0,0,0,0
518,GGA,0,0,0,0,0,26,0,0,17,1,0,0,1,0,0,0,0,0,0,0,0,1,0,0,0,0,0,121,24,0,0,0,11,0,0,0,0,0,0,0,115419,1,7,2,0,0,1,0,0,0,0,0,0,0,0,0,0,0,0,0,0,0,0,0
519,GTG,0,0,0,0,0,0,0,0,0,0,0,0,0,0,0,0,0,0,0,0,0,0,0,0,0,0,0,0,0,0,0,0,0,0,0,0,0,0,1,0,0,0,0,0,56,1,115642,2,0,0,0,0,0,0,0,0,0,0,0,0,0,0,3,0
520,AAA,115554,2,5,9,1,0,0,0,0,0,0,0,0,0,0,0,30,0,0,0,0,0,0,0,0,0,0,0,0,0,0,0,5,0,72,0,0,0,0,0,0,0,0,0,0,1,0,0,0,0,0,0,1,0,0,0,0,0,0,0,0,0,0,0
521,TTG,0,0,0,0,0,0,0,0,0,0,0,0,0,0,0,2,0,1,0,0,0,0,0,0,0,0,0,0,0,0,0,0,0,0,0,0,0,0,0,0,0,0,2,0,0,0,0,0,0,0,1,0,0,0,6,0,0,0,10,0,0,0,115544,156
522,GAA,2,0,0,8,0,0,0,0,0,0,0,1,0,0,0,0,0,0,0,0,0,0,0,0,0,0,0,0,0,0,0,0,115254,0,1,0,0,0,0,0,10,0,0,0,0,0,0,0,1,0,0,0,0,294,0,1,0,0,0,0,0,0,0,0
523,TCA,0,0,0,0,0,0,0,0,0,0,1,0,0,2,0,0,8,0,0,0,1,0,0,0,0,0,1,0,0,0,0,0,0,0,0,0,0,0,0,0,0,0,0,0,0,0,0,1,0,0,0,0,115597,3,20,0,0,0,0,0,3,0,0,0
524,ATG,0,0,2,0,0,0,4,0,0,0,1,0,1,0,115503,168,0,1,0,0,0,0,0,0,0,0,0,0,0,0,0,1,0,0,0,0,0,0,0,0,0,0,0,0,0,0,7,0,0,0,0,0,0,0,0,0,0,0,0,0,7,0,0,0
525,GGG,0,0,0,0,0,0,0,0,0,0,1,0,0,0,0,0,0,0,0,0,0,0,0,0,0,0,0,0,0,0,0,0,0,0,1,1,0,0,0,0,17,1,115762,1,0,0,3,0,0,0,0,0,1,0,0,0,0,0,1,0,0,0,0,0
526,GTG,0,0,0,0,0,0,0,0,0,0,0,0,0,0,2,0,0,0,0,0,0,0,0,0,0,0,0,0,0,0,1,0,1,0,1,0,0,0,5,1,0,0,2,0,26,0,115698,0,0,0,0,0,0,0,0,0,0,2,2,0,0,0,1,0
527,TAT,0,0,0,1,0,0,0,0,0,0,0,0,0,0,0,0,0,0,0,29,0,0,0,0,0,0,0,0,0,0,0,0,1,0,0,0,0,0,0,0,0,1,1,0,0,0,0,0,0,243,0,115464,0,0,0,0,0,0,0,5,0,0,0,0
528,CAG,0,0,0,0,0,0,0,0,0,0,0,0,0,0,0,1,3,0,115697,4,0,0,3,0,0,0,28,0,0,0,1,0,0,0,0,0,0,0,0,0,0,0,0,0,0,0,0,0,0,0,4,0,0,0,0,0,0,0,0,0,0,0,0,0
529,ATT,0,0,0,0,0,0,0,6,0,0,0,2,0,2,0,115583,0,0,0,0,0,0,0,0,0,0,0,0,5,0,0,0,0,0,0,0,0,0,0,0,0,0,0,0,0,0,0,5,0,0,0,1,0,0,0,0,0,0,0,0,0,0,0,0
530,CTG,0,0,0,0,0,0,0,0,0,0,0,0,0,0,3,0,0,0,0,0,0,0,12,0,0,0,1,0,3,0,115134,271,0,0,0,0,0,0,0,0,0,0,0,0,0,0,0,0,0,0,0,0,0,0,0,0,0,0,0,0,0,0,35,0
531,GCG,0,0,0,0,0,0,3,0,0,0,0,0,0,0,0,0,0,0,0,0,0,0,0,0,0,0,0,0,0,0,0,0,0,0,1,0,102,0,115265,2,0,0,0,0,0,0,38,0,0,0,0,0,0,0,0,0,0,0,0,0,0,0,0,0
532,ATC,0,0,0,0,0,5,0,0,0,0,0,0,1,115174,1,1,0,0,0,0,0,0,0,0,0,0,0,0,0,0,0,0,0,0,0,0,0,0,0,0,0,0,0,0,0,5,0,0,0,0,0,0,0,0,0,0,0,0,0,0,0,0,0,0
533,TAC,0,0,0,0,0,0,0,0,0,0,0,0,0,0,0,0,0,26,0,0,0,0,0,0,0,0,0,0,0,0,0,0,0,1,0,0,0,0,0,0,0,0,0,0,0,0,0,0,1,115470,1,7,0,0,0,0,0,8,0,0,0,0,0,0
534,TCA,0,0,0,0,0,0,0,0,0,0,0,1,0,0,0,0,0,0,0,0,13,0,0,0,0,0,0,0,0,0,0,0,0,0,0,0,0,0,0,0,0,0,0,0,0,0,0,0,6,0,0,0,115092,0,11,1,1,0,0,0,2,0,0,0
535,ACT,0,0,0,1,0,14,2,115599,0,0,0,0,0,0,0,4,0,0,0,0,0,0,0,0,0,0,0,0,0,0,0,0,0,0,0,0,0,0,0,5,0,0,0,0,0,0,0,0,0,0,0,0,0,0,0,0,0,0,0,0,0,0,0,0
536,GTC,0,0,0,0,0,0,0,0,0,0,0,0,0,7,0,0,0,0,0,0,0,0,0,0,0,0,0,0,0,0,2,0,0,0,0,0,0,1,0,0,0,0,2,0,3,115515,0,4,0,0,0,0,0,0,0,0,0,0,0,0,0,0,0,0
537,GCC,0,0,0,0,0,27,0,0,0,0,0,0,0,0,0,0,0,0,0,0,0,0,0,0,0,0,0,0,0,0,0,0,0,0,0,0,3,115326,1,3,0,0,0,0,0,13,0,0,0,0,0,0,0,0,0,0,0,0,0,0,0,0,0,0
538,AGT,0,0,0,6,0,0,0,1,0,32,0,115468,0,0,0,0,0,0,0,0,0,0,0,0,0,0,0,1,0,0,0,0,0,0,0,0,0,109,0,0,0,0,0,5,0,0,0,0,0,0,0,0,0,0,0,0,0,1,0,1,0,0,0,0
539,TCA,0,0,0,0,0,0,0,0,0,0,0,0,0,0,0,0,0,0,0,0,2,0,0,0,0,0,0,0,0,0,0,0,0,0,0,0,173,0,0,0,0,0,0,0,0,0,0,0,4,0,0,0,115374,0,4,1,1,0,0,0,6,0,0,0
540,CTG,0,0,0,0,87,0,0,0,0,0,0,94,0,26,11,0,0,0,2,0,0,0,17,0,0,0,1,0,7,0,115174,0,0,0,0,0,0,0,0,0,0,0,0,0,0,0,244,0,0,0,0,0,0,0,0,0,0,0,0,0,0,0,3,0
541,GTG,0,0,0,0,0,0,0,0,0,0,0,0,0,0,1,0,0,0,0,0,0,0,0,0,0,0,0,0,0,0,0,28,0,0,0,0,0,0,2,0,0,0,0,0,6,3,115317,6,0,0,0,0,0,0,0,0,0,0,0,0,0,155,0,0
542,CTT,0,0,0,0,3,0,0,0,0,0,0,0,0,0,0,3,0,0,0,0,0,0,0,42,0,0,0,3,2,6,0,115185,0,0,0,0,0,0,0,0,0,0,0,0,0,0,0,0,0,0,0,0,0,0,0,0,0,0,0,0,0,0,0,7
543,TTG,0,0,0,0,0,0,1,0,0,0,0,0,0,0,2,0,0,0,0,0,0,0,0,0,0,0,0,0,0,0,9,0,0,0,0,0,0,0,10,1,0,0,0,0,0,0,0,0,0,0,0,0,0,0,10,0,0,0,13,0,4,126,115416,0
544,GTC,0,0,0,0,0,0,0,0,0,0,0,0,0,1,0,0,0,0,0,0,0,0,0,0,0,0,0,0,0,0,0,0,0,0,0,0,0,18,0,0,0,2,0,0,1,115279,0,9,0,0,0,0,0,0,0,0,0,0,0,0,0,1,0,0
545,TCC,0,0,0,0,0,1,0,0,0,0,0,0,0,0,0,0,0,0,0,0,0,19,0,0,0,0,0,0,0,0,0,0,0,0,0,0,0,0,0,0,0,0,0,0,0,0,0,0,0,3,0,0,6,115297,0,2,0,1,0,0,0,3,0,0
546,CTG,0,0,0,0,0,0,0,0,0,0,0,0,0,0,9,0,0,0,1,0,0,0,27,0,0,0,12,0,4,0,115491,1,0,0,0,0,0,0,0,0,0,0,0,0,0,0,0,0,0,0,0,0,0,0,0,0,0,0,0,0,0,0,2,0
547,GGG,0,0,0,0,0,0,0,0,0,0,1,0,0,0,0,0,0,0,0,0,0,0,0,0,0,0,0,0,0,0,0,0,0,0,2,0,0,0,0,0,6,2,115580,1,0,0,2,0,0,0,0,0,0,0,0,0,0,0,0,0,0,0,0,0
548,GCA,0,0,0,0,36,0,0,0,1,0,0,0,0,0,0,0,0,0,0,0,0,0,0,0,0,0,0,0,0,0,0,0,0,0,0,0,115587,0,10,0,1,0,0,0,10,0,0,0,0,0,0,0,3,0,0,0,0,0,0,0,0,0,0,0
549,ATC,0,1,0,0,0,10,0,0,0,0,0,0,1,115248,0,5,0,0,0,0,0,0,0,0,0,0,0,0,0,0,0,0,0,0,0,0,0,0,0,0,0,0,0,0,0,8,0,0,0,0,0,0,0,0,0,0,0,0,0,0,0,0,0,0
550,AGT,0,0,0,0,0,2,0,0,0,4,0,115674,0,0,0,1,0,0,0,0,0,0,0,0,0,0,0,2,0,0,0,0,0,0,0,0,0,0,0,0,0,0,0,6,0,0,0,0,0,0,0,0,0,0,0,0,0,0,0,0,0,0,57,0
551,TTC,0,1,0,0,0,0,1,0,0,0,0,0,0,0,0,0,0,0,1,0,0,0,0,0,0,0,0,0,0,6,0,0,0,0,0,0,0,0,0,0,0,0,0,0,0,0,0,0,0,0,0,0,0,4,0,0,0,0,0,0,1,115664,0,4
552,TGG,0,0,0,0,0,0,0,0,0,0,2,0,0,0,0,0,0,0,0,0,0,0,0,0,0,0,38,0,0,0,0,0,0,0,0,0,0,0,0,0,0,0,6,0,0,0,0,0,0,0,3,0,0,0,0,0,2,0,115567,0,0,0,2,0
553,ATG,0,1,0,0,0,0,7,0,0,0,0,0,3,0,115101,3,0,0,0,0,0,0,0,0,0,0,0,0,0,0,0,0,0,0,0,0,0,0,0,0,0,0,0,0,0,0,7,0,0,0,0,0,0,0,0,0,0,0,0,0,0,0,0,0
554,TGT,0,0,0,0,0,0,0,0,0,0,0,0,0,0,0,0,0,0,0,0,0,0,0,0,0,0,0,6,0,0,0,0,0,0,0,0,0,0,0,0,0,0,0,1,0,0,0,0,0,0,0,8,0,0,0,1,0,9,0,115637,0,0,1,4
555,TCT,0,0,0,0,0,0,0,2,0,0,0,0,0,0,0,0,0,0,0,0,0,0,0,7,0,0,0,0,0,0,0,0,0,0,0,0,0,0,1,0,0,0,0,1,0,0,1,0,0,0,0,5,1,13,1,115421,0,0,0,0,0,0,0,0
556,AAT,0,10,4,115601,0,0,0,1,0,0,0,1,0,0,0,4,0,0,0,1,0,0,0,0,0,0,0,0,0,0,0,0,0,0,0,22,0,0,0,0,0,0,0,0,0,0,0,0,0,0,0,0,0,23,0,0,0,0,0,0,0,0,0,0
557,GGG,0,0,0,0,0,0,0,0,0,0,2,0,0,0,0,0,0,0,0,0,0,0,0,0,0,0,0,0,0,0,0,0,0,0,10,0,0,0,1,0,2,0,115591,0,0,0,2,0,0,0,0,0,0,0,0,0,0,0,4,0,2,0,0,0
558,TCT,0,0,0,0,0,0,0,0,0,0,0,0,0,0,0,0,0,0,0,0,0,0,0,5,0,0,0,0,0,0,0,0,0,0,0,0,0,0,0,2,0,0,0,0,0,0,0,1,0,0,0,2,15,3,86,115100,0,0,0,0,0,0,0,10
559,TTG,0,0,0,0,0,0,0,0,0,0,0,0,0,0,0,0,0,0,0,0,0,0,0,0,0,0,0,0,0,0,12,0,0,0,0,0,0,0,0,0,0,0,0,0,2,0,0,0,0,0,1,0,0,0,12,0,0,0,1,0,5,0,115684,0
560,CAG,0,0,1,0,0,0,0,0,0,0,0,0,0,0,0,0,6,0,115576,3,0,0,0,0,0,0,7,0,0,0,1,0,0,0,3,0,0,0,0,0,0,0,0,0,2,0,0,0,0,0,61,0,0,0,0,0,0,0,0,0,0,0,0,0
561,TGC,0,0,0,0,0,0,0,0,0,0,0,0,0,0,1,0,0,0,0,0,0,0,0,0,0,2,0,0,0,0,0,0,0,0,0,0,0,0,0,0,0,0,0,0,0,0,0,0,0,46,0,0,0,2,0,0,0,115354,0,12,0,0,0,0
562,AGA,3,65,0,0,0,0,0,0,113726,0,7,0,5,0,0,0,0,0,0,0,0,0,0,0,2,0,0,0,0,0,0,0,0,0,0,0,0,0,0,0,20,0,0,0,0,0,0,0,0,0,0,0,0,0,0,0,1,0,0,0,0,0,0,0
563,ATA,3,0,0,0,6,0,0,0,0,0,0,0,115632,0,41,0,0,0,0,0,0,0,0,0,0,0,0,0,1,0,0,0,0,0,0,0,0,0,0,0,0,0,0,0,2,0,0,3,0,0,0,0,0,0,0,0,0,0,0,0,0,0,0,0
564,TGC,0,0,0,0,0,0,0,0,0,1,0,0,0,0,0,0,0,0,0,0,0,0,0,0,0,5,0,0,0,0,0,0,0,0,0,0,0,0,0,0,0,0,0,0,0,0,0,0,0,13,0,0,0,0,0,0,2,115312,0,273,0,0,0,0
565,ATC,0,0,0,0,0,3,0,0,0,0,0,0,1,115457,0,3,0,0,0,0,0,0,0,0,0,0,0,0,0,0,0,0,0,0,0,0,0,0,0,0,0,0,0,0,0,7,0,0,0,0,0,0,0,0,0,0,0,0,0,0,0,0,0,0
566,TGA,0,0,0,0,0,0,0,0,0,0,0,0,0,0,0,0,0,0,0,0,0,0,0,0,27,0,0,0,0,0,0,0,0,0,0,0,0,0,0,0,2,0,0,0,0,0,0,0,3,0,0,0,0,0,0,0,115657,1,3,0,1,0,0,0
