site,abs_diffsel,positive_diffsel,negative_diffsel,max_diffsel,min_diffsel
389,69.32121036196406,67.80789421499225,-1.5133161469718117,7.391183789014577,-0.8188545926041361
392,40.98237698056678,34.621792307510304,-6.3605846730564854,7.8370879177950945,-2.2339746183766622
390,36.49389971938128,5.11178697522146,-31.38211274415983,3.240999160375255,-5.6084661012622785
89,36.36409566360464,2.9655075070620223,-33.398588156542615,2.9655075070620223,-3.7169212532315536
277,36.304013402309174,0.845287480917711,-35.45872592139146,0.845287480917711,-3.236417877272637
232,34.150414465500226,4.2267513217518236,-29.923663143748406,3.682657528053602,-3.8285126444086766
415,33.29028802204261,4.309386077397409,-28.980901944645204,2.512298056415637,-3.5432883983467334
400,33.0245887108182,27.98490898178032,-5.039679729037882,5.701318068868718,-2.228311349317869
2,30.898139911869688,1.8787360696191162,-29.01940384225057,0.9072534041434436,-3.19160019117714
220,30.791679469310182,9.122048675726486,-21.669630793583696,4.448954592672104,-2.7124720093110897
274,30.357711957282092,2.2205461834553004,-28.137165773826794,1.3193577315122988,-2.8303893675477694
474,30.07562344539755,0.0,-30.07562344539755,0.0,-4.4403373106548605
388,29.940688902906743,28.81372590182728,-1.126963001079464,7.735253892400321,-0.6177795964799491
283,29.59610591913213,3.0672336633998754,-26.528872255732253,2.6392784901809754,-5.832700198037223
497,29.34146680038591,0.0,-29.34146680038591,0.0,-3.5457740938811133
175,29.2836286437279,0.0,-29.2836286437279,0.0,-3.4184732373189544
231,28.663871173334876,2.4853341393309036,-26.178537034003973,2.3158672088307286,-3.722634342106137
68,28.22485461693613,7.856069848383376,-20.368784768552754,6.768379597820519,-2.5432532537089343
229,28.082737921834756,0.0,-28.082737921834756,0.0,-3.6816974637597504
237,27.452662566963614,2.8532060500608054,-24.59945651690281,1.5882896549768244,-4.4217681965762665
90,26.994219709425657,6.752637622948903,-20.24158208647675,4.768353970611282,-3.4693275930137752
278,26.600983648549704,2.2419825470886225,-24.359001101461082,1.5763668428364312,-2.35432551131402
289,26.373216353773465,18.773043350780828,-7.600173002992637,6.144480260572583,-1.6098536774533168
408,26.316288807149526,3.298975453809936,-23.01731335333959,3.2278260321124868,-3.5645723589197646
404,26.026635154168186,1.448036748205248,-24.57859840596294,1.448036748205248,-3.6225501769603192
240,25.60520223015622,5.483375946726044,-20.12182628343017,5.4779074692785485,-4.209706999690122
294,25.57513158591422,12.569630631931343,-13.005500953982876,6.007256564995141,-2.7193775663338142
209,25.562086828406457,9.061117578173585,-16.500969250232867,5.5070991992016864,-3.6309463667057775
91,25.50743479238622,7.463091535045274,-18.044343257340948,3.822660978948752,-2.7908899748926395
53,25.33259229408007,5.9396283475194505,-19.39296394656062,3.4843331787896195,-2.9653810533394505
257,24.737043988203773,3.451557121333912,-21.28548686686986,3.0311468618299133,-2.641954067342732
223,24.445434059315573,2.741672128146333,-21.703761931169236,1.5230986259495116,-4.415845392924178
299,24.225147425517438,0.0,-24.225147425517438,0.0,-3.0594012164034763
4,24.042323486210282,2.8457295592478538,-21.196593926962432,2.8457295592478538,-3.0662907780164543
540,23.706434403432915,14.075203409585153,-9.631230993847765,4.45030877884259,-3.401939965442612
60,23.669483013046555,1.5743959229549225,-22.095087090091635,1.5743959229549225,-3.327655708133681
385,23.48017032477722,19.36441282077851,-4.115757503998709,5.1639973576728515,-1.7309565110822522
251,23.38407951994809,0.2296118977151297,-23.15446762223296,0.2296118977151297,-3.139430501245447
211,23.342658036921737,3.6429217437047763,-19.699736293216958,2.9458727918454266,-3.5603941556936505
393,23.292534930192193,12.772584121715836,-10.519950808476352,7.669181879559794,-2.9499876999385783
314,23.198205996359135,12.084142884471346,-11.114063111887788,4.382470326346556,-2.480205609857506
412,23.120933026569233,2.505379671745543,-20.61555335482369,2.493155029823911,-3.0791290486000986
235,23.025206783415996,0.1227803517586454,-22.90242643165735,0.1227803517586454,-3.3391106811731737
221,22.689115982034807,4.95342044777159,-17.73569553426322,2.6973717918728743,-2.654056578984643
337,22.687550856486926,13.96904903047524,-8.718501826011689,4.0440256874705565,-1.8935757807297544
210,22.56330498815395,0.0,-22.56330498815395,0.0,-4.055208696994
382,22.51306533581712,10.541710165906633,-11.971355169910488,4.503073158505675,-2.2500309994931382
518,22.400148825619436,3.2114195139266437,-19.188729311692793,2.4012302420421343,-3.350679983530739
212,22.396786023489295,0.13340442103252145,-22.26338160245677,0.13340442103252145,-3.5472017842105132
285,22.142473398925063,0.0,-22.142473398925063,0.0,-2.9850412214141637
386,21.75870843122907,2.61114917381238,-19.14755925741669,2.072012426915212,-3.016929788708698
276,21.754715439393188,1.3857815469240178,-20.36893389246917,1.1548468548291109,-2.5375978801017163
86,21.710874925160113,0.24217110426167024,-21.468703820898444,0.24217110426167024,-3.0717874934482365
244,21.57130198905744,0.3782605210398841,-21.193041468017555,0.3782605210398841,-2.138970654066934
468,21.497370138109574,0.0,-21.497370138109574,0.0,-3.2103063872075475
153,21.178430161369647,1.4700015433976237,-19.70842861797202,1.4700015433976237,-2.72515390447368
37,20.918863511833596,15.236432532586441,-5.682430979247156,3.4441784834323483,-2.4348473149031107
230,20.812548142751318,3.130335904750297,-17.682212238001025,3.130335904750297,-3.4708944827655217
499,20.437789950048035,2.85329731495421,-17.584492635093824,2.85329731495421,-2.747142305100196
253,20.42723583786628,8.159670539215487,-12.267565298650798,3.0104583115610115,-2.6064415259463694
236,20.380290619267896,0.08770688742100065,-20.292583731846896,0.08770688742100065,-3.4731467286416637
517,19.968367001636373,2.2179789947575648,-17.75038800687881,2.2179789947575648,-2.000404514975163
197,19.91951381213207,0.10894382440798188,-19.81056998772409,0.10894382440798188,-4.270881675303451
92,19.714878873448605,7.07054083044493,-12.644338043003678,4.69781202869345,-2.592006649816886
47,19.45595597228542,7.596148109257242,-11.859807863028177,6.574888981821578,-2.996087761781679
64,19.205518035581974,8.480202407326917,-10.725315628255055,4.466073435321737,-1.6728413490319698
11,19.182052298097737,1.5818680218311467,-17.60018427626659,1.5818680218311467,-2.811114713207114
507,18.95311488634655,5.2096383199005185,-13.743476566446029,3.2229555662557363,-2.306882204460656
70,18.938895445159236,0.1934006382294463,-18.74549480692979,0.1934006382294463,-2.4170760189506173
562,18.877567897808987,3.4418083678482803,-15.435759529960709,3.4418083678482803,-2.515994266253528
410,18.864099715026388,0.9393956229412588,-17.924704092085125,0.9393956229412588,-4.035104489152709
272,18.731283436216618,1.4525668652231825,-17.27871657099344,1.4525668652231825,-3.2472830486668243
62,18.720510609985574,8.607406502132381,-10.113104107853193,4.895505775266902,-2.94448727631741
213,18.523354591167795,0.0,-18.523354591167795,0.0,-3.5513783431626784
306,18.460955455703665,13.152469817660442,-5.308485638043221,5.903543604235879,-2.359563716025711
65,18.320058894632876,0.0,-18.320058894632876,0.0,-2.462466189402144
75,18.145399900104874,2.7806348080169987,-15.36476509208787,2.7806348080169987,-3.701881925752252
456,17.926861851533715,1.9312180869997655,-15.995643764533945,1.9312180869997655,-3.1471720172548387
515,17.89915378076095,4.597904072920026,-13.30124970784092,3.6806806865720794,-1.9249032241608928
7,17.784975983849247,4.4670806830202014,-13.317895300829043,4.09332610964514,-2.5069014106868206
312,17.754378774413517,8.837551689618182,-8.916827084795337,3.464514642659103,-3.1974863776261016
303,17.723769757814768,2.2478556324826675,-15.475914125332103,1.3424274282833322,-2.4233944919659702
254,17.718603272951714,4.51886555069159,-13.199737722260126,2.1265826985509886,-2.263144524539734
224,17.66497267694432,3.026176690162239,-14.638795986782082,2.8515285396198014,-3.2512041648949808
524,17.554244799743564,2.179966259328775,-15.37427854041479,1.9250115054877681,-2.201564020233439
493,17.52728641083609,7.678094108211986,-9.849192302624107,3.0057849536005263,-1.9503381706709413
490,17.2828053786793,7.189210911435865,-10.093594467243435,3.3175061513700985,-2.308069916314582
286,17.08223800992448,0.0,-17.08223800992448,0.0,-3.0147275624725323
409,17.04250564972437,0.0,-17.04250564972437,0.0,-2.5598584814887837
88,16.978647539191204,0.0,-16.978647539191204,0.0,-4.9403482215853565
176,16.80532986745879,4.489133762763281,-12.316196104695505,3.2196284828282846,-2.7791192456770752
370,16.787120081406243,1.1899065047617345,-15.59721357664451,0.6666016678071176,-2.433721594463845
381,16.78060604177349,0.6136291487057566,-16.166976893067734,0.2620170728730215,-2.883534150492625
315,16.70870002521198,1.886024979268033,-14.822675045943948,1.68154994513955,-2.1518455037273525
255,16.640367291440604,2.976406702512507,-13.663960588928097,2.972465491330412,-2.2003201241089516
52,16.62506350357902,0.008699730336817695,-16.6163637732422,0.008699730336817695,-2.4598683750873995
405,16.398462608450117,0.3864960867583996,-16.01196652169172,0.3864960867583996,-2.776551968108097
520,16.20025633785411,3.7535577090546823,-12.446698628799428,1.913474157743552,-1.9998760085239689
514,16.16632428435921,6.214821280787419,-9.951503003571785,6.180381747754178,-1.2192920343336755
71,16.13811386180145,0.0,-16.13811386180145,0.0,-3.176795478102787
83,16.013199725399375,5.1314455446387335,-10.881754180760641,4.437970000499057,-1.546778680491489
288,15.94775104657315,4.159879009973464,-11.787872036599685,2.3648392414710653,-1.8760991491934504
248,15.83706033456259,3.3195005902066885,-12.517559744355902,3.317465122544087,-1.9095429175782903
157,15.716858722652928,2.3692546619129846,-13.347604060739943,2.3692546619129846,-2.3799121056681662
318,15.71122559200233,1.8983900837124252,-13.812835508289904,1.3613195585182971,-2.322402228387729
463,15.520516190738434,5.523439192686612,-9.99707699805182,3.861480115247641,-2.361714441736848
226,15.512978639636282,3.4512471355606404,-12.06173150407564,3.1788978798625025,-2.998673568790565
326,15.397130117369704,3.7094160520139465,-11.687714065355758,2.861692045317561,-1.9985854146296005
467,15.244480934001754,5.047508331630176,-10.196972602371575,2.804528536182036,-3.104170489766108
228,15.224784219618876,0.48638953913629845,-14.738394680482575,0.3470604968313162,-3.2314853554767584
476,15.145483933831823,1.773520134966098,-13.371963798865728,1.773520134966098,-2.2511284860776986
526,15.083866665870667,0.4162284570943528,-14.667638208776314,0.2081142285471764,-2.9618107728951366
206,14.848665158369693,0.0,-14.848665158369693,0.0,-2.537091220222152
227,14.708989877251652,0.5016519212052014,-14.20733795604645,0.5016519212052014,-1.8416201459876695
170,14.681280155674909,0.2302394225981832,-14.451040733076725,0.2302394225981832,-1.819412588623727
154,14.632536477896439,0.6094253123714256,-14.023111165525014,0.2031417707904752,-2.5284224155591364
513,14.585944750511208,0.7165773358837804,-13.869367414627428,0.7165773358837804,-2.502749313830454
3,14.520481357981087,2.7635677538231693,-11.756913604157917,2.6957960315268408,-1.7533890574539024
218,14.51318928177205,3.162949618328498,-11.350239663443551,2.088511766971094,-2.8059011412340875
292,14.472960402607569,2.743499611741606,-11.729460790865964,1.7781501349244633,-2.7479274948613948
555,14.291308275612952,0.3095097653587978,-13.981798510254153,0.2017151782717453,-2.5975708478933655
146,14.121913825236877,0.0,-14.121913825236877,0.0,-2.515202768100096
19,14.089326976438134,1.947098022463438,-12.142228953974696,1.4872425221645234,-2.2464187890299088
216,14.06857254483491,0.9843674739429552,-13.084205070891956,0.9843674739429552,-2.915910976599357
397,14.050460347047636,3.2619738174266812,-10.788486529620956,2.5882736081940987,-2.6062583099618637
358,13.94059974897609,3.1744853351651483,-10.766114413810943,3.1515456103836725,-2.5361215805922868
361,13.840934013195367,2.6494632972885035,-11.191470715906863,2.6494632972885035,-1.8186561475881209
339,13.709374115966074,2.8337974538831174,-10.875576662082956,1.114554489950372,-2.1159209605385074
136,13.618860179563432,0.35931131349143647,-13.259548866071995,0.2521194706337925,-1.8335881025040863
525,13.579649595060516,0.0,-13.579649595060516,0.0,-1.9470482879215387
471,13.5746097568153,0.8475073908283324,-12.727102365986969,0.8475073908283324,-2.5398579520497515
541,13.563362131675577,4.941550280820381,-8.621811850855195,4.932594242093677,-2.2006387457555725
234,13.44018343624685,0.12976497843984228,-13.310418457807007,0.12976497843984228,-2.7357309221798958
51,13.409235821711595,1.615545324588503,-11.793690497123093,1.0212793466911163,-2.037150638365796
504,13.36128078982514,0.7416685050493034,-12.619612284775837,0.7416685050493034,-2.233287019725471
407,13.20919465230022,0.0,-13.20919465230022,0.0,-2.5476993207977867
558,13.185948704590906,0.16678677087046628,-13.01916193372044,0.16678677087046628,-3.101466145970797
268,13.136526488508373,0.0,-13.136526488508373,0.0,-2.7419171633039556
401,13.045767605538316,0.7634010049861636,-12.282366600552152,0.7634010049861636,-2.606606023204277
321,13.005663012141278,3.447897920386253,-9.557765091755025,2.4843405067219635,-2.321868791495392
548,12.984182759821268,1.638683354459561,-11.345499405361707,1.3941272439064891,-6.5159580952118885
279,12.96737648391804,0.0,-12.96737648391804,0.0,-2.906462724516808
205,12.941267742358098,2.690648908211025,-10.250618834147073,1.4655103541259942,-2.201873775362156
531,12.895344482999059,2.2763636092684454,-10.618980873730614,2.2763636092684454,-2.285730871246706
57,12.890651474348928,0.23004305869874048,-12.660608415650188,0.1677558045906908,-2.7658480358585718
521,12.873580961866187,5.663679932009757,-7.209901029856427,3.824753969855457,-2.261671416260868
527,12.856755709917948,0.0,-12.856755709917948,0.0,-1.6715881861883906
202,12.809734031118031,0.0,-12.809734031118031,0.0,-2.0374472154027248
510,12.799239098264213,1.6175064924642362,-11.181732605799978,1.3607266079176767,-1.7651779390059643
14,12.726905544429062,0.0,-12.726905544429062,0.0,-3.1941631199606983
201,12.711985769146917,0.7594123176622227,-11.952573451484694,0.4343797982519761,-2.3791857203931093
126,12.670953002048336,7.562842302513195,-5.108110699535143,3.747610289221701,-1.133846484656346
26,12.642810709670794,0.0,-12.642810709670794,0.0,-5.144006417549057
470,12.495115857002107,0.9732814359044029,-11.521834421097703,0.71083970511355,-3.6769811001819592
506,12.461284715145974,0.0,-12.461284715145974,0.0,-2.059876575646677
406,12.436217135912052,3.9236136136723205,-8.512603522239733,3.9187734395885374,-1.7961237007078081
138,12.37474580220746,1.8004935072194646,-10.574252294987994,1.6929874758766783,-2.8833385703719068
542,12.316300396087922,0.7191283804087161,-11.597172015679204,0.7191283804087161,-3.134170050160035
486,12.312030137800098,0.0,-12.312030137800098,0.0,-1.79391137197853
383,12.29004634783411,5.734402375382818,-6.555643972451291,4.473050228008344,-1.8727379965534956
10,12.280082680210283,3.9737046325303558,-8.306378047679924,3.6782858897475967,-1.7468674830829125
31,12.114831608850842,0.2620661621522748,-11.85276544669857,0.2620661621522748,-3.298621506525194
455,12.072657380093071,0.0,-12.072657380093071,0.0,-5.4778694012860685
13,12.061979189336924,2.74136494125291,-9.320614248084013,2.7276001563834558,-1.8794834893286485
150,11.98791993813697,0.10639577488146178,-11.881524163255508,0.10639577488146178,-3.001998186016768
173,11.944450592884845,2.903363638699804,-9.04108695418504,1.9011577968899904,-1.9635522650121309
512,11.89247317063087,0.2534699023531817,-11.639003268277689,0.2534699023531817,-2.5755228079882557
290,11.890005924229218,0.0,-11.890005924229218,0.0,-2.3231338956525254
550,11.876960612807252,2.5734217618860624,-9.30353885092119,2.10201536899274,-2.8300619258676267
219,11.86051646939053,2.4002647706900193,-9.460251698700512,1.5579417750436475,-1.8425684525289583
432,11.798397044388846,0.34910485608296676,-11.44929218830588,0.2625279476199649,-2.8318941280990626
359,11.732969453275828,5.608064954240124,-6.124904499035702,5.575011306060245,-1.8755113357552395
54,11.702425973815181,0.0,-11.702425973815181,0.0,-4.078487808160569
411,11.673011818084916,1.2900152384373822,-10.382996579647534,0.4998044157584656,-1.8583466611150268
403,11.645315369057272,0.46136964834111976,-11.183945720716153,0.3752623097762077,-2.255320995119521
438,11.638572185464795,1.086143054837604,-10.552429130627191,0.484980257664951,-3.015305571527505
25,11.56307808126822,0.0,-11.56307808126822,0.0,-2.408261011681993
402,11.555822220741438,4.659352779107076,-6.896469441634364,2.117274842501975,-3.1893076858470137
482,11.52223641915504,4.4497583495809465,-7.072478069574095,1.9377502581420516,-1.8817504053664076
287,11.488967630961712,1.9636103009880024,-9.525357329973707,1.2733425043870907,-1.3786971048905332
252,11.48097506729243,0.0,-11.48097506729243,0.0,-2.5681458824853807
171,11.304701274443834,1.6587635180386422,-9.645937756405191,1.6189124222149762,-1.6025561837816935
87,11.215625742428722,0.8298655683755988,-10.385760174053123,0.8298655683755988,-5.524341800495063
5,11.144379667109616,0.0,-11.144379667109616,0.0,-2.626554294547169
23,11.106529442487078,6.671835151108164,-4.434694291378916,4.93710064584061,-2.5496932137125654
508,11.024953116592034,0.7235976949811643,-10.301355421610868,0.4699386898020733,-1.8924905883218477
148,10.995750962531279,2.0270540898791665,-8.968696872652114,2.0270540898791665,-2.5024113566958843
155,10.966071237496669,2.465676041646314,-8.500395195850356,2.465676041646314,-1.7813040256453403
180,10.902091686450998,2.772922202520476,-8.129169483930523,2.5197254337509882,-1.6786363502100796
73,10.889398118931851,2.9921240094758774,-7.897274109455974,2.1574626910980794,-2.1660437377337227
137,10.85052220237857,3.5132955441662217,-7.33722665821235,3.5053676655351818,-1.6770809202837575
369,10.806078351324057,0.1815616433763314,-10.624516707947725,0.11889166865073025,-1.8925433210219555
391,10.753810606809552,7.939056462148654,-2.8147541446608946,4.254296807707572,-0.7201117777556251
528,10.750508789894916,0.3972022325152064,-10.353306557379709,0.3972022325152064,-2.5748903316942173
169,10.659615461303153,4.373613838485727,-6.286001622817427,4.204925195140495,-1.7619584726865414
509,10.595938821033752,4.109901185053961,-6.486037635979791,4.093391521887619,-1.9986241947361385
6,10.58139556235433,0.9364478273215374,-9.644947735032794,0.824328757675768,-3.1892669130970335
145,10.510345557817931,0.16471149193750542,-10.345634065880425,0.1076515871699319,-2.3253078201061737
460,10.492764178838783,0.13965477033786367,-10.35310940850092,0.13965477033786367,-2.1525504427261786
113,10.445182541738092,4.688789083788614,-5.756393457949479,3.101135679250996,-0.998492623836678
522,10.410381269970415,4.488642525717333,-5.921738744253082,3.270152580748736,-1.5548455552160485
523,10.285607650042133,1.7936061735970874,-8.492001476445044,0.9332242247290412,-3.2330499959390755
551,10.218366254486451,0.2537939236959299,-9.96457233079052,0.2537939236959299,-1.9369712029128023
452,10.1940650558404,2.0448846233829947,-8.149180432457404,2.042522568063132,-2.1161767374483107
459,10.134120653012868,4.798810084160196,-5.335310568852672,4.775386026801202,-1.5688717714767484
557,10.058024661676257,0.4663173566715637,-9.591707305004693,0.4663173566715637,-3.771820599121688
324,10.041450719484688,0.5312986458847561,-9.510152073599933,0.5306905310595471,-2.4427851457707934
376,9.984697818187897,0.0,-9.984697818187897,0.0,-2.911140049619805
85,9.881379762043832,0.0,-9.881379762043832,0.0,-2.3736241434949226
414,9.855355304995328,0.4998185797938697,-9.355536725201459,0.4812314264267288,-3.321925583163696
477,9.850256476150326,5.05656620945273,-4.7936902666975945,5.0176216485446234,-1.2260202298155458
12,9.751902558398083,0.0,-9.751902558398083,0.0,-2.8374928850338237
182,9.706247006754976,1.4994978279483648,-8.20674917880661,1.4994978279483648,-1.2635182971789245
99,9.665380623635535,0.201993095673408,-9.463387527962128,0.10779975422062194,-1.7903853144030708
94,9.556424858100554,2.640393966111018,-6.9160308919895375,2.640393966111018,-2.845013329904797
384,9.555722286166738,5.0909005509307645,-4.464821735235972,4.181246448719899,-2.7011938109219105
538,9.471675294417603,3.751809275675513,-5.719866018742089,3.603908266001021,-1.869755241577516
340,9.45400291585411,0.0,-9.45400291585411,0.0,-2.6137539961993985
503,9.441340751871822,0.0,-9.441340751871822,0.0,-1.4861463865745244
433,9.430384913121461,1.6234433751929491,-7.8069415379285125,0.9997091097590124,-1.5556229258137595
158,9.427348168921508,0.0,-9.427348168921508,0.0,-1.9277974933457973
238,9.424270767415887,0.4729625826637226,-8.951308184752165,0.4729625826637226,-2.3742100520003833
249,9.403239301364813,1.278456987960566,-8.124782313404248,0.8580672311810741,-1.9824212246970023
280,9.292458676634656,0.0,-9.292458676634656,0.0,-2.043014413624549
275,9.284563200441719,0.0,-9.284563200441719,0.0,-3.1041041788552155
270,9.252309618844997,0.3968938709027173,-8.855415747942281,0.3968938709027173,-2.723979477167568
545,9.231250413297737,0.2480957321302762,-8.983154681167461,0.2480957321302762,-3.997956908810821
100,9.15273346506356,0.0,-9.15273346506356,0.0,-1.8495233389898345
429,9.12073937673811,0.3079927716592521,-8.812746605078857,0.3079927716592521,-2.0663150844938625
543,9.117843940791845,2.527484927984004,-6.59035901280784,2.521872682023745,-1.92537583567175
260,9.11264110678028,1.5961159982626354,-7.516525108517646,1.5961159982626354,-2.743317525130041
41,9.065675217842662,5.915849202430412,-3.149826015412251,5.130601781746539,-1.1334994226281343
207,9.062199425480253,0.0,-9.062199425480253,0.0,-4.3544070667810315
338,9.02758774850011,3.231501429518146,-5.796086318981967,2.27908419171169,-1.674462933404519
177,8.906567198271558,2.4971574087098087,-6.40940978956175,2.2880745001222835,-2.614545941546542
139,8.898019805405296,0.733396818669051,-8.164622986736246,0.6262463952826423,-2.169904733573517
305,8.853002108345217,2.4059105795153166,-6.447091528829901,2.1845450957880104,-1.8475996346506296
511,8.842361475211458,0.723727318829603,-8.118634156381855,0.469972322704941,-2.433637848999059
313,8.778233560771382,2.705820048132413,-6.072413512638969,2.6987306960392146,-1.6773629699033177
368,8.649263825936911,1.2492443066452663,-7.400019519291646,1.0454578708271192,-1.9307516117744503
61,8.644464892851964,0.7986615494235801,-7.845803343428386,0.7986615494235801,-2.638747233360132
273,8.612049563369053,2.7312956615231734,-5.88075390184588,1.509517511914002,-3.2296581156242747
262,8.609680143649957,0.0,-8.609680143649957,0.0,-3.5555805304865586
501,8.604609671434362,0.20695581085533032,-8.397653860579032,0.20695581085533032,-1.830647839398404
439,8.528408970447645,0.0,-8.528408970447645,0.0,-2.0965014176061576
104,8.47431549993154,0.4378222127215617,-8.03649328720998,0.4378222127215617,-1.1553674352909151
261,8.35945492770694,1.470594962374781,-6.888859965332158,1.3556032284181767,-3.009010741087162
498,8.33904309427892,0.0,-8.33904309427892,0.0,-3.312409432577581
473,8.279429385583686,1.103179963073868,-7.176249422509815,0.8405358744180831,-2.624882113220392
250,8.25701142564884,0.6702077287940194,-7.58680369685482,0.43908256547634655,-3.616553237611074
78,8.216087847773473,0.4846971566525916,-7.731390691120881,0.4846971566525916,-3.780555815687461
347,8.179519072031587,0.0,-8.179519072031587,0.0,-1.6290754617579668
198,8.124081988491048,0.0,-8.124081988491048,0.0,-3.4915309449866623
246,8.120703660947303,0.2311770181832381,-7.889526642764066,0.2311770181832381,-1.8485192697061383
156,8.103474693659122,0.5653841163560056,-7.538090577303116,0.5653841163560056,-3.5131562484869243
184,8.095990287125279,0.10531815947782243,-7.990672127647455,0.10531815947782243,-1.8320376415756008
225,8.056085228084102,0.8623221187711985,-7.193763109312902,0.4324794006667501,-2.566196163936075
399,8.037853461932398,6.816333969636575,-1.2215194922958243,4.596927412785204,-0.7205147087456215
345,8.024493391839805,0.7630938691742928,-7.261399522665512,0.7630938691742928,-3.0788351910531224
194,8.015879775742345,0.0,-8.015879775742345,0.0,-4.420661490710568
502,7.961790406373331,0.4645016065047304,-7.497288799868602,0.4645016065047304,-1.2634849631779137
428,7.893819242944794,0.4851246830492774,-7.408694559895517,0.4851246830492774,-1.4177603224428394
82,7.878213169162373,0.08935302434255711,-7.788860144819815,0.08935302434255711,-4.707962591505873
552,7.8558220851829725,1.9437201525460783,-5.912101932636895,1.9437201525460783,-2.622370577318761
56,7.8368129517986445,0.4470945113505246,-7.389718440448119,0.3849034264252455,-1.8217142487705864
298,7.833746623675169,0.2047377742454645,-7.629008849429704,0.2047377742454645,-2.795262225754536
141,7.8122688063807235,0.0,-7.8122688063807235,0.0,-2.9808279859755062
479,7.802221291534545,0.0,-7.802221291534545,0.0,-2.8740875446262915
553,7.75548317013031,0.2464120379893073,-7.509071132141003,0.2464120379893073,-2.486132238645053
233,7.738419177434261,3.6426235231518502,-4.095795654282412,3.6304619593052183,-1.0830364321795545
445,7.713223238343442,0.7436257582203192,-6.969597480123124,0.7436257582203192,-4.589139937568187
239,7.710530270597706,0.4119075958884299,-7.298622674709276,0.4119075958884299,-1.843765452415289
42,7.672064528839165,0.0,-7.672064528839165,0.0,-2.418827479325504
222,7.666726639680328,2.1945224451276872,-5.472204194552642,2.19045592406004,-1.1366902195364053
485,7.664706609111822,5.453079126628498,-2.211627482483325,4.868438761850183,-1.1863903644067124
466,7.644890860762364,2.892410041109827,-4.752480819652537,2.8017198258956153,-0.9400825885542604
48,7.637913421810307,0.0,-7.637913421810307,0.0,-3.3576034825553167
38,7.583353419957712,0.5258324875066935,-7.057520932451018,0.5258324875066935,-1.78512999588348
395,7.579809371014806,0.0,-7.579809371014806,0.0,-2.4754230495390708
378,7.57743029263406,0.09079130126777664,-7.486638991366283,0.09079130126777664,-1.9481833475892079
135,7.563656886293679,0.0,-7.563656886293679,0.0,-1.6793689317379674
243,7.468109317033506,1.2297513143367966,-6.23835800269671,1.2297513143367966,-3.126832471555722
242,7.439985287309419,0.9848144569339246,-6.455170830375495,0.9848144569339246,-2.8471732497376387
200,7.355567421625476,0.3904277461446351,-6.96513967548084,0.3904277461446351,-2.6718507160448324
488,7.298373812909832,0.7089555045897733,-6.589418308320059,0.2532644323647402,-2.5748977596119467
373,7.290314336211715,0.1954867222817769,-7.0948276139299375,0.1954867222817769,-2.152670121082884
264,7.251187991933141,0.0,-7.251187991933141,0.0,-2.311450080021132
115,7.247074474681412,2.5825067234051264,-4.6645677512762855,1.4512664952679235,-1.137534125333732
396,7.220067364915611,0.0,-7.220067364915611,0.0,-3.0379521619862313
519,7.219173215589608,0.0,-7.219173215589608,0.0,-1.826721548130068
556,7.19240966964233,2.791215576355894,-4.401194093286437,1.6238366550028407,-1.3013961517908483
191,7.141367818237056,1.184570131088925,-5.956797687148129,0.7684762571120941,-2.7884117361718515
124,7.092829328937074,2.755557091088761,-4.337272237848313,2.6448701908393604,-1.2628930669143834
58,7.07438680691986,0.117343363731569,-6.957043443188292,0.0586716818657845,-3.0281774830667105
46,7.03298448018762,0.0,-7.03298448018762,0.0,-3.4876204788178264
309,7.004137119029849,2.5982677233393154,-4.405869395690534,2.2628116562805944,-2.1616576459534103
357,6.986968364885254,0.0,-6.986968364885254,0.0,-4.874068713335213
329,6.982581784836154,1.6655419281915593,-5.317039856644595,1.1210792670826577,-2.0707072484402813
457,6.968497074910943,2.234026152356606,-4.734470922554338,1.3784412638161996,-1.5595304315323668
267,6.967458978509836,0.4262744762699701,-6.541184502239866,0.4262744762699701,-2.7299297436255827
199,6.96177707488016,0.0,-6.96177707488016,0.0,-3.305875802383065
480,6.955238110654326,2.827035827195248,-4.128202283459077,2.8148404361926884,-1.3741988532460834
172,6.945558968717737,0.0,-6.945558968717737,0.0,-2.7665069369187045
375,6.9357028680183195,1.3241010477759576,-5.611601820242361,0.5421117957553542,-1.4857660825590386
301,6.93379243636832,0.0,-6.93379243636832,0.0,-3.800031206144401
565,6.93131694011998,0.2783231127057428,-6.652993827414237,0.19650802561564626,-3.379320914960431
398,6.894730837881535,0.34903406575328455,-6.5456967721282515,0.2626481034288522,-2.5786179915069734
537,6.887615008762666,0.9745787321350264,-5.913036276627641,0.9745787321350264,-2.056770905148633
539,6.8845951559457434,4.854774805970938,-2.0298203499748055,4.832529032526916,-0.998288786658152
320,6.848476699002069,3.4573792249687787,-3.391097474033292,3.4334439046546064,-1.810247948660646
536,6.8459739506592525,0.20317783804465908,-6.642796112614594,0.20317783804465908,-2.7553065980155593
448,6.794367024409208,2.0709278598235303,-4.723439164585678,1.985798414693004,-1.4901139422105465
32,6.700582995744138,0.0,-6.700582995744138,0.0,-2.592578375559865
366,6.690340332924301,0.202574699097744,-6.487765633826557,0.202574699097744,-4.074956339891134
8,6.688257057847187,0.4706454016273947,-6.217611656219793,0.4706454016273947,-1.5906622865307931
241,6.680553402146406,0.0,-6.680553402146406,0.0,-2.4400687520535733
123,6.671246686398557,0.0,-6.671246686398557,0.0,-2.163229482538665
271,6.659279627570496,1.3568270977505779,-5.302452529819918,0.9298238473392286,-1.8458951028600932
214,6.644914614996247,1.091484612782098,-5.5534300022141485,1.091484612782098,-2.141309507927001
103,6.6149821298404925,1.700057695215044,-4.914924434625449,1.1587968571302143,-1.3789248459958436
9,6.590456427580774,3.242319768348025,-3.3481366592327486,2.327112266580251,-1.2019663489704433
549,6.585327288697653,0.1951319911135229,-6.39019529758413,0.1951319911135229,-1.4858593377810514
436,6.55884528719802,0.6217137252634534,-5.937131561934567,0.4849100303280864,-3.9870524395010976
80,6.556983314078861,0.0,-6.556983314078861,0.0,-2.20221759985392
379,6.54737850807791,1.5243390597524473,-5.023039448325463,1.2075900667977455,-2.274945427854634
77,6.536172694471034,0.0,-6.536172694471034,0.0,-4.627630212740995
187,6.5304374418716895,2.7730763795307536,-3.757361062340936,2.2505402112556,-1.0539288103769782
475,6.4697427072058336,0.7811821694437269,-5.688560537762107,0.4764066397120023,-1.8600302776594777
178,6.457758247998947,0.8516793553065085,-5.606078892692438,0.6909279540735747,-1.8624632696925896
494,6.453474816903093,0.18999389525489896,-6.263480921648194,0.18999389525489896,-1.2971985084246838
266,6.409805861349304,0.5204696221317839,-5.889336239217521,0.5204696221317839,-1.9374243751699376
186,6.390735633773815,0.11723375484143303,-6.273501878932382,0.11723375484143303,-1.551134899875433
27,6.340780134581832,1.1479978761391838,-5.192782258442649,0.6773772527609596,-3.267178212486194
421,6.324041206813689,0.2626362835615643,-6.061404923252124,0.2626362835615643,-1.7790864617206357
434,6.318852339426823,0.9736626618363092,-5.345189677590513,0.6672760697715414,-1.9819093636140948
282,6.302359162503262,3.7039773546119767,-2.5983818078912857,3.5913993608962325,-0.8463025758954212
444,6.275303408973002,0.0,-6.275303408973002,0.0,-3.769235039557368
74,6.2719617278186925,0.26244682578496137,-6.0095149020337315,0.26244682578496137,-1.8762599242022464
331,6.266085243227574,1.5375451116591248,-4.728540131568449,1.4153917063316148,-3.2500247615380102
50,6.236249067910236,1.297052757718903,-4.939196310191333,0.6778420287157317,-2.341392592327317
111,6.230470340716009,0.9069196761099076,-5.323550664606101,0.9069196761099076,-1.3519666101122283
281,6.225037486782883,0.0,-6.225037486782883,0.0,-1.4738197144890648
435,6.218267449043005,2.0163212970153293,-4.2019461520276735,2.0162519026329866,-1.552991457940416
195,6.203473601329442,0.07077541065031731,-6.1326981906791245,0.07077541065031731,-1.7660163504290118
427,6.156315051443729,1.089457588575367,-5.066857462868361,0.724737096316833,-2.8306888485608948
101,6.126885095645813,0.1734882484130742,-5.953396847232739,0.13130742073381232,-1.4863174933898389
530,6.119486121412758,0.6792648884436661,-5.440221232969092,0.6792648884436661,-2.2249372246439973
442,6.099737565300467,0.9478181538521404,-5.151919411448327,0.9478181538521404,-1.8281518762727005
66,6.0951511128722,0.0,-6.0951511128722,0.0,-2.2892869771755544
204,6.027139850153581,1.3581771696490212,-4.66896268050456,1.0003528688647083,-2.984904860884612
304,6.026278246121061,0.06068226258550996,-5.965595983535551,0.06068226258550996,-2.1044134417406193
348,5.997873664360698,0.539407346637663,-5.458466317723035,0.3488573061076009,-2.818050828210786
63,5.9730586043706735,0.0,-5.9730586043706735,0.0,-1.6362442563260762
484,5.962886995654255,0.9784952295739144,-4.98439176608034,0.7244134698934988,-2.5373355901062955
291,5.960580710452668,0.0,-5.960580710452668,0.0,-1.6084388535185272
179,5.954584836705662,3.9541494845373215,-2.0004353521683407,3.4018518934704614,-0.8455658820080558
143,5.944965133554783,0.20950972471463766,-5.735455408840146,0.20950972471463766,-1.6410528027527516
561,5.915812727118747,0.5369184839927186,-5.3788942431260285,0.250173452289548,-2.0007034246289326
259,5.902332133949672,3.704749573483869,-2.1975825604658032,1.6052212942338724,-0.90167645161679
350,5.86902576289399,0.0,-5.86902576289399,0.0,-2.3557144315241354
40,5.867319246828903,1.6529077735442002,-4.214411473284704,0.6001121585151081,-1.2000645496632232
372,5.860831919425953,0.1126131691811669,-5.748218750244787,0.1126131691811669,-2.433590918961996
125,5.794631004875956,2.7548740295135676,-3.0397569753623883,2.718627442038104,-1.4828377852077086
334,5.787930031661837,0.20473038379991465,-5.583199647861922,0.20473038379991465,-2.7771896545781702
307,5.786100917175666,0.0,-5.786100917175666,0.0,-2.2362772751485287
106,5.780288217692416,0.8933859111957062,-4.88690230649671,0.7852309436932001,-2.2987304829250497
185,5.761126412321526,0.0,-5.761126412321526,0.0,-1.2640640826040055
465,5.729299959770178,0.6714938534462929,-5.057806106323885,0.6714938534462929,-1.6088169306347035
554,5.6843425341084535,0.8104023517316551,-4.873940182376798,0.5083060005134115,-1.023773766967734
342,5.54772358661979,2.6681899244690617,-2.8795336621507284,2.3533053414788894,-0.9996960726155376
34,5.526918890079962,0.0,-5.526918890079962,0.0,-1.6776458714909357
325,5.526742452779743,0.0,-5.526742452779743,0.0,-1.29345144930039
425,5.517767591695921,2.277226733797149,-3.2405408578987713,1.6780632982536101,-1.62269019301422
544,5.511735367616529,1.1427048673528994,-4.369030500263629,0.9440184852301048,-1.6768534985101422
188,5.497310267648441,0.7582788537707129,-4.739031413877729,0.4399664209454806,-1.13822202498295
28,5.486170200294785,0.9404031160206587,-4.545767084274125,0.6777203076497512,-2.062013440706885
323,5.4269462420697305,1.3291195125955522,-4.097826729474178,1.3291195125955522,-2.138093263848495
84,5.394266887982947,0.9562475454422701,-4.438019342540676,0.4845465561478071,-1.4168233063008964
387,5.3859197552312565,0.4851928139556604,-4.900726941275596,0.4851928139556604,-2.330514657729907
424,5.378964568339713,0.8675584826614817,-4.511406085678232,0.5010890258915537,-1.4717787639866402
55,5.346570753297781,0.0,-5.346570753297781,0.0,-1.7642474482040384
394,5.327801021852456,2.149994127604604,-3.1778068942478517,1.347945674175658,-2.483844314280665
29,5.257865517145181,0.2625358875426302,-4.99532962960255,0.2625358875426302,-1.6882783947876492
297,5.23296192929979,1.0289767784093398,-4.2039851508904515,0.8227909793645688,-1.5851983081321346
81,5.219321532642868,0.9998058624883852,-4.219515670154483,0.9998058624883852,-1.8983147850076116
258,5.197830842114661,0.30390323907834926,-4.893927603036313,0.15211036584109894,-2.2628782946226806
419,5.191342858886686,0.329683809145095,-4.861659049741591,0.329683809145095,-2.9326962536782344
464,5.183378030469236,0.7766945381447751,-4.406683492324462,0.5138124806163082,-0.833321159987611
302,5.131531078178399,0.0,-5.131531078178399,0.0,-1.4636185012000973
441,5.120699455923677,0.13645129461975875,-4.984248161303918,0.13645129461975875,-1.2841469662909344
33,5.120507506537784,1.2409676949240394,-3.879539811613744,1.1770890293855776,-1.3967309117919386
167,5.112067199819354,0.3339018863543881,-4.778165313464966,0.3339018863543881,-2.5663301015681257
351,5.03590941064248,0.0,-5.03590941064248,0.0,-2.4965075264494048
114,5.030406822278975,0.0,-5.030406822278975,0.0,-1.2841032193499382
458,5.026254343972709,0.0,-5.026254343972709,0.0,-2.337973017033973
192,5.0201004824160504,0.0,-5.0201004824160504,0.0,-2.6005298051029806
341,5.000569969553542,0.0,-5.000569969553542,0.0,-2.0393022223361315
418,4.988038476312287,1.6111688976338046,-3.3768695786784813,0.57179823958486,-1.9909316992924588
265,4.969916077659358,1.060880077678264,-3.9090359999810937,1.060880077678264,-1.031528474804499
79,4.9388993555303,1.1129708385340626,-3.8259285169962363,1.1129708385340626,-1.1573331272291532
17,4.932755622860558,1.2151527456133413,-3.7176028772472165,0.7298696231155664,-2.0900218063413005
196,4.90334804174503,0.7484850330973954,-4.154863008647634,0.5766330500007737,-2.291331042818621
547,4.896773155258748,0.0,-4.896773155258748,0.0,-1.5953089664959186
344,4.888973683145326,0.7652296079509027,-4.123744075194423,0.7652296079509027,-1.137723693663281
45,4.861945386915277,0.06417113058554683,-4.79777425632973,0.06417113058554683,-1.6899313418083102
256,4.855080476098714,0.0,-4.855080476098714,0.0,-2.3023178026569435
112,4.830487540931698,0.5555114677258632,-4.274976073205836,0.35123190661796544,-1.4860012901004749
59,4.810185520613544,0.0618736874957522,-4.748311833117793,0.0618736874957522,-1.8983909973488788
478,4.807787318370507,1.729447706566204,-3.0783396118043025,1.3475661224124278,-1.0083882211805753
76,4.795164912628712,1.4168810986340719,-3.3782838139946394,1.4152412248056951,-1.735429802705453
208,4.791880077027617,3.4010017983725915,-1.3908782786550244,3.2105454858216693,-0.6432288631683634
308,4.7794158328524965,0.5468410708915477,-4.232574761960949,0.5468410708915477,-2.1457027786818608
159,4.737022987503413,0.20777124135496167,-4.529251746148452,0.20777124135496167,-1.3792680413960423
430,4.727860254737336,0.0,-4.727860254737336,0.0,-1.5168796406892149
420,4.720397920829491,0.725858911675217,-3.9945390091542756,0.37326741656343226,-2.2841514002633714
360,4.689402035101222,0.5747059072833134,-4.114696127817909,0.3849291158371396,-2.355832563233217
295,4.680875509294313,0.4575078918134541,-4.223367617480859,0.4575078918134541,-1.500680436775122
161,4.655525951636172,3.875284500695636,-0.7802414509405385,2.7664328379612377,-0.7802414509405385
560,4.64513156467611,0.17283448553664066,-4.472297079139469,0.17283448553664066,-1.7275070026594959
39,4.607782058093314,0.0,-4.607782058093314,0.0,-1.595161961201956
119,4.574288606168229,0.5087914630010191,-4.065497143167209,0.2991442873796442,-0.9278563481285602
377,4.565065791329601,2.499055022197486,-2.0660107691321152,1.7489859622955188,-0.6746123113410483
322,4.523987972550129,2.1159192799551825,-2.408068692594947,1.0781128107976077,-1.6422075550845157
333,4.455145451154019,0.0,-4.455145451154019,0.0,-2.014076263491955
18,4.452609607784763,1.3617124040422872,-3.090897203742476,0.6779193775135679,-1.9062408960048216
343,4.4363672761414925,0.8283868109873105,-3.6079804651541822,0.4226985992827914,-1.8279365873830544
300,4.41723805355359,0.0,-4.41723805355359,0.0,-2.3644693764396685
472,4.411096049679135,1.8401728641353055,-2.5709231855438297,1.6019737844670274,-0.7237855025018108
529,4.381869241656321,0.10027945133315856,-4.281589790323163,0.10027945133315856,-1.1378422357067854
44,4.363758871557145,1.4210455857974567,-2.9427132857596896,1.1580379325557881,-1.6962115948809686
356,4.362325205434435,0.0,-4.362325205434435,0.0,-1.6277992088369018
102,4.35545538165417,0.8672053258043667,-3.488250055849803,0.4795526027015656,-1.1378334514055537
559,4.35294336352695,0.9240695149071796,-3.428873848619772,0.7165890428082979,-1.2361129383504816
93,4.342661565249954,0.9289771013306306,-3.413684463919322,0.9289771013306306,-1.4799084917349627
284,4.334928127742675,0.1103277569308168,-4.224600370811857,0.1103277569308168,-2.1130289377355425
564,4.326800633505433,0.5567084374580751,-3.7700921960473566,0.5567084374580751,-1.1330530099611404
67,4.323354393767207,0.0,-4.323354393767207,0.0,-2.285481201015521
532,4.315700921143909,0.24701078110753094,-4.068690140036379,0.24701078110753094,-1.1378078552490314
492,4.295282341003943,1.2011975041995406,-3.0940848368044023,0.7327320912433577,-1.712558448703113
443,4.282966244492918,0.5156318743634271,-3.7673343701294915,0.5156318743634271,-2.0539622297368227
24,4.277446890662015,0.5702487526263302,-3.7071981380356838,0.5702487526263302,-0.8592143858935638
483,4.254553019536845,0.35923908219829204,-3.8953139373385537,0.25310462681043155,-2.6816293296181426
449,4.24097818512572,0.4852792372911461,-3.7556989478345737,0.4852792372911461,-1.1888315205652984
217,4.231895327166746,0.6322426281150104,-3.599652699051736,0.3988202907061879,-2.3414082145633293
500,4.20032673716282,1.4872065243879373,-2.7131202127748817,0.6587339108400555,-1.6496800545296957
336,4.185308117341059,1.0180533229137607,-3.1672547944272975,0.5600635052976641,-2.1384569339093824
22,4.181524242311181,0.0,-4.181524242311181,0.0,-1.4255219461383806
293,4.168526429352424,0.0,-4.168526429352424,0.0,-1.7599270643234617
193,4.13608871164461,0.4348640917555519,-3.701224619889058,0.4348640917555519,-1.0002830534876486
36,4.135606059557801,0.26285286935026336,-3.8727531902075367,0.26285286935026336,-0.7977389730172401
431,4.133368474558884,0.26286465053403874,-3.870503824024846,0.26286465053403874,-1.4359261134422148
363,4.108889930936085,0.0,-4.108889930936085,0.0,-1.4809102718281886
311,4.067177958889477,0.18318497410437368,-3.8839929847851034,0.18318497410437368,-1.1581110020008762
203,4.055337986740308,1.6376684128246202,-2.4176695739156875,1.4050043928510456,-1.6220620820595664
16,3.9894998530830676,0.09612806556158428,-3.8933717875214837,0.09612806556158428,-0.9076025878781916
296,3.9780981802226014,1.1335652590306533,-2.8445329211919486,0.9284490344317614,-1.5928790571765967
269,3.971119429373485,0.4313240206921185,-3.5397954086813668,0.4313240206921185,-0.924995773681881
413,3.95479780021129,0.37222007921233924,-3.5825777209989504,0.3085737087328863,-1.850518607675452
128,3.951153937504723,0.0,-3.951153937504723,0.0,-1.3791134359504411
437,3.9405794935935474,2.167397860471168,-1.7731816331223798,0.9877306073594044,-0.4738745436846583
317,3.9216200171060374,0.0,-3.9216200171060374,0.0,-1.6206968331315783
168,3.896147379100116,0.205086171315496,-3.6910612077846205,0.205086171315496,-1.585543180687308
30,3.8889556263848624,0.8206260582354431,-3.0683295681494194,0.4263583685222223,-1.7445643045047614
1,3.8881298598840837,0.17159426971043443,-3.716535590173649,0.12531320695737586,-2.033889590071825
546,3.882533434007445,0.6862008377754363,-3.1963325962320086,0.5843357104813702,-0.8481281222771277
49,3.880845891123726,0.008735062102981033,-3.8721108290207447,0.008735062102981033,-1.3786351127342542
367,3.8487133745230078,0.0,-3.8487133745230078,0.0,-1.0003617401534357
332,3.845894741892596,1.5336691306607744,-2.312225611231822,0.7878678538115057,-1.4625187382261888
535,3.830267888797981,0.0,-3.830267888797981,0.0,-2.74626172482414
422,3.82916529384323,1.5363642966777444,-2.292800997165486,0.8472925643422845,-1.0098221010220645
487,3.826626980905159,0.8925273747527663,-2.9340996061523925,0.4716272286889076,-1.7676072218890369
380,3.743591706342484,0.4665585568022048,-3.277033149540279,0.4665585568022048,-1.8482385727917323
21,3.720105491604328,0.0,-3.720105491604328,0.0,-1.359597226910496
127,3.6419207391994055,0.0,-3.6419207391994055,0.0,-1.000527087352701
215,3.600873497118454,1.8329274408841276,-1.7679460562343263,1.8200187463521331,-1.4845047775608136
362,3.564757087217668,0.2038699149405241,-3.3608871722771436,0.2038699149405241,-1.2314053159249698
440,3.547684593481609,0.26281402862637937,-3.28487056485523,0.26281402862637937,-1.7388418373914174
353,3.5455709004786065,0.8169442598111167,-2.7286266406674895,0.37256269682702586,-1.4856472372359657
327,3.517529018822742,0.6305012785669433,-2.887027740255799,0.6305012785669433,-0.7530114222270835
453,3.5055792517969016,0.3808505416057592,-3.124728710191142,0.3044333978993741,-1.6174736119487991
105,3.4783051024083087,0.0,-3.4783051024083087,0.0,-1.2757947987871086
489,3.4510849205542105,0.8516280222378425,-2.599456898316368,0.5976089310601898,-0.8121407417921549
109,3.434783892412751,0.0,-3.434783892412751,0.0,-1.5450183821743155
374,3.4158055162865972,0.2174390920805629,-3.1983664242060343,0.2029727473191696,-1.2346858637519962
416,3.3887329211952713,0.14703394974589215,-3.241698971449379,0.14703394974589215,-0.8547319082932291
461,3.3847991849363313,0.0,-3.3847991849363313,0.0,-2.8276062531043835
354,3.3825477924924865,0.4489387996585452,-2.9336089928339413,0.2501652557106874,-1.9397824844364069
450,3.3557916311997684,0.04280638544841814,-3.3129852457513502,0.04280638544841814,-2.0733645614650715
165,3.336453908571057,0.5882433904915713,-2.7482105180794862,0.27192861055325995,-1.7306210638806263
116,3.334823746624904,0.5459093962232691,-2.7889143504016354,0.4376454068964668,-1.1188665725578373
144,3.309949904739974,0.3221072719448809,-2.9878426327950933,0.3221072719448809,-1.2634385344619576
447,3.2914032969263283,1.530814549858313,-1.7605887470680157,1.1375034756766778,-0.7262550208874279
481,3.2548766824939537,0.2313614785808088,-3.023515203913145,0.2313614785808088,-0.8769929536053278
349,3.244827424508061,0.24552258781328246,-2.9993048366947788,0.19950781144416765,-1.2610336948705638
245,3.2430438090478724,2.0076690997819022,-1.2353747092659702,0.8197117106980999,-0.6781191453435288
355,3.2237195891101083,0.0,-3.2237195891101083,0.0,-0.981964552141006
310,3.2033122857912364,1.3523068959643145,-1.8510053898269216,1.351405530911775,-0.7349064845613533
491,3.1977534309382274,0.0,-3.1977534309382274,0.0,-0.8505512775944059
183,3.190729724125056,0.5949919835192925,-2.5957377406057636,0.4864695784000445,-1.6406270073456086
15,3.187634746927873,0.0,-3.187634746927873,0.0,-1.1604358797687344
533,3.175491976587457,1.4811615448607485,-1.6943304317267078,0.9922895932866882,-0.6783520749818284
365,3.164015147060063,1.8289360517806414,-1.3350790952794211,1.2669143105601983,-0.4853367451585881
454,3.1550063607092667,0.558237431586222,-2.596768929123045,0.30791769983489553,-1.3879038650984117
142,3.1369799017041387,0.9305009271236742,-2.2064789745804645,0.2901904340657307,-1.6199557805372748
462,3.100966048841453,0.15458588686373964,-2.9463801619777135,0.15458588686373964,-0.6057064494525899
330,3.0847525979360633,0.8437625455609823,-2.240990052375081,0.8437625455609823,-1.1189879980422004
132,3.082454893587835,0.2805191853400318,-2.8019357082478034,0.20985365945201964,-1.1058015753636057
189,3.0784732677775164,0.3038409996896845,-2.774632268087832,0.3038409996896845,-1.0536675848672372
423,3.076217380593981,1.450868542959869,-1.6253488376341116,0.9488865335228572,-0.6047173130917041
263,3.068065384962765,0.8962587939380551,-2.1718065910247106,0.4320733462961932,-1.379519750813094
35,3.066029789600687,0.3300727551893515,-2.7359570344113355,0.2861368189666777,-1.8097329657158296
121,3.0482712288596745,0.5022754269230851,-2.5459958019365887,0.3934262796573392,-1.3318642343753635
516,2.9472336093010956,0.32700281671875897,-2.620230792582337,0.2068064048082804,-1.4127424927455237
72,2.933191790847686,0.7708195459968474,-2.1623722448508387,0.6245864920910953,-0.8850124647160856
328,2.9072019504296494,1.5456212097143183,-1.36158074071533,1.3396629183974609,-0.4853915824642335
151,2.9045084561669263,0.0,-2.9045084561669263,0.0,-1.1380552043154657
164,2.86455757431283,0.3429956176471459,-2.521561956665684,0.3429956176471459,-1.2153609108241774
352,2.861514288551071,0.0,-2.861514288551071,0.0,-0.6782596821353726
364,2.8078894773987724,0.0,-2.8078894773987724,0.0,-1.783433457201919
69,2.8030480167989116,1.0969806757160416,-1.7060673410828713,1.0969806757160416,-0.43892640707329794
446,2.7641366731137946,0.6778877626465916,-2.086248910467203,0.6778877626465916,-0.7634816839981429
190,2.724279077571354,0.631783503927708,-2.0924955736436464,0.33671524452049,-1.3539509136322314
152,2.6017101624008045,1.128984129271995,-1.4727260331288097,0.6253169718269143,-0.7811270442619076
451,2.592677899990038,1.0002555363157049,-1.592422363674333,0.6288246223016909,-1.2506505886637411
162,2.5910355010016097,0.38191889089809156,-2.2091166101035182,0.3500324289470814,-0.971354513921072
346,2.5834420144278956,0.06378429521583004,-2.5196577192120655,0.06378429521583004,-1.782849022027918
110,2.571074427662994,0.10899905229890633,-2.462075375364088,0.10899905229890633,-1.082325284879816
417,2.5160255370821596,0.2629019243561121,-2.2531236127260477,0.2629019243561121,-0.9937212824919518
316,2.496459345991116,0.2980198752261876,-2.1984394707649284,0.2900131951626249,-1.2946784237728568
149,2.471540474192586,0.0,-2.471540474192586,0.0,-0.7888039214443285
505,2.4527752906877107,0.2552043238535105,-2.1975709668342005,0.2552043238535105,-1.2632054137268829
563,2.4225011813928923,1.3257335120389202,-1.096767669353972,0.9272999260442136,-0.5712747022094472
469,2.3734628320715503,0.33965300702711404,-2.0338098250444365,0.20226014184093768,-1.01185878061312
496,2.3602080237112304,0.2542025024530034,-2.106005521258227,0.2542025024530034,-0.7418434934538473
95,2.2933987147266035,0.8179002064441356,-1.4754985082824674,0.4862240802140335,-0.6776951775063651
495,2.273906233890497,0.08256775564257984,-2.191338478247917,0.08256775564257984,-1.1238241682200183
97,2.2308942363223516,0.7686908330204557,-1.462203403301896,0.7686908330204557,-1.156695459856171
426,2.1097788943224103,1.1315869992437908,-0.9781918950786193,0.7821238780051674,-0.5189426947874887
107,2.0734451155872207,0.2110533201103348,-1.8623917954768854,0.2110533201103348,-0.7618863865136334
43,2.0636002843483348,1.2577087667298192,-0.8058915176185159,0.4828820672993514,-0.538336887505364
118,2.0324544726329243,0.42760165214563295,-1.6048528204872916,0.2092255555666682,-1.3386142255199371
371,2.0269196155996703,0.5771855287741533,-1.4497340868255169,0.5771855287741533,-0.4854751903577048
20,2.026067390694623,0.1628211946179247,-1.8632461960766982,0.1628211946179247,-0.8789997543683261
98,2.007243384641763,0.320410178648892,-1.6868332059928712,0.2111311369498988,-0.7387178648559569
166,1.991264689395414,0.0,-1.991264689395414,0.0,-0.8101017034879446
120,1.9357949126786096,0.7311857050200721,-1.204609207658538,0.6222807720896494,-0.5751131580003241
319,1.9132280851936463,0.3011453448271197,-1.6120827403665268,0.3011453448271197,-1.0384659984519942
133,1.9043563217426918,0.21111277783230012,-1.6932435439103917,0.21111277783230012,-0.6937951031765568
96,1.8387524476122832,0.6856461497419973,-1.153106297870286,0.3930635573627188,-0.8913058654105027
122,1.7889386091875517,0.0,-1.7889386091875517,0.0,-1.0246482772415233
140,1.7741539644372033,0.003370285867364189,-1.770783678569839,0.0002246857244909459,-1.0282103585574085
335,1.7644576163232435,0.0,-1.7644576163232435,0.0,-0.7530185814069141
134,1.6438436954435731,0.29621624064587104,-1.347627454797702,0.29621624064587104,-1.0819402224661254
147,1.570796052952063,0.25529939825894804,-1.315496654693115,0.25529939825894804,-0.8906083096475982
160,1.524192019268263,0.03344949213537555,-1.4907425271328874,0.03344949213537555,-0.4856124483162362
163,1.4842816961781768,0.2800423143380705,-1.2042393818401058,0.2800423143380705,-0.6554412139275937
174,1.4756189836201685,0.3058931249743662,-1.1697258586458021,0.3058931249743662,-0.6784178565772447
247,1.414780781213782,0.29439740531946,-1.1203833758943218,0.29439740531946,-0.6186609479957235
129,1.3729468900642925,0.29914836956754315,-1.0737985204967495,0.29914836956754315,-0.3738356908109428
181,1.112527178363775,0.4081669508939979,-0.7043602274697772,0.30088957713119113,-0.5009775778197127
130,1.0449461146852983,0.22708532672743725,-0.8178607879578612,0.22708532672743725,-0.4317265809448149
131,0.9764414300495512,0.14383983453825458,-0.8326015955112966,0.14383983453825458,-0.8308198667742744
108,0.7801656798828729,0.09349147243523406,-0.6866742074476389,0.09349147243523406,-0.6781417051129854
534,0.529873073502657,0.2337772966240093,-0.29609577687864796,0.2337772966240093,-0.26349184067563364
117,0.37739865841769893,0.21386969318781152,-0.16352896522988744,0.21386969318781152,-0.16152613298388024
